32e1d693,32.1334,-110.9427,0,0,1700319600,81
32e1d693,32.1334,-110.9427,0,0,1700319600,81
32e1d693,32.1334,-110.9427,0,0,1700319600,81
32e1d693,32.1334,-110.9427,0,0,1700319600,81
32e1d693,32.1334,-110.9427,0,0,1700319600,81
32e1d693,32.1334,-110.9427,0,0,1700319600,81
32e1d693,32.1334,-110.9427,0,0,1700319600,81
32e1d693,32.1334,-110.9427,0,0,1700319600,81
32e1d693,32.1334,-110.9427,0,0,1700319600,81
32e1d693,32.1334,-110.9427,0,0,1700319600,81
32e1d693,32.1334,-110.9427,0,0,1700319600,81
32e1d693,32.1334,-110.9427,0,0,1700319600,81
32e1d693,32.1334,-110.9427,0,0,1700319600,81
32e1d693,32.1334,-110.9427,0,0,1700319600,81
32e1d693,32.1334,-110.9426,0,0,1700319608,81
32e1d693,32.1334,-110.9426,0,0,1700319608,81
32e1d693,32.1334,-110.9426,0,0,1700319608,81
32e1d693,32.1334,-110.9426,0,0,1700319608,81
32e1d693,32.1334,-110.9426,0,0,1700319608,81
32e1d693,32.1334,-110.9426,0,0,1700319608,81
32e1d693,32.1334,-110.9426,0,0,1700319613,81
32e1d693,32.1334,-110.9426,0,0,1700319613,81
32e1d693,32.1334,-110.9426,0,0,1700319613,81
32e1d693,32.1334,-110.9426,0,0,1700319613,81
32e1d693,32.1334,-110.9426,0,0,1700319613,81
32e1d693,32.1334,-110.9426,0,0,1700319613,81
32e1d693,32.1334,-110.9426,0,0,1700319617,81
32e1d693,32.1334,-110.9426,0,0,1700319617,81
32e1d693,32.1334,-110.9426,0,0,1700319617,81
32e1d693,32.1334,-110.9426,0,0,1700319617,81
32e1d693,32.1334,-110.9426,0,0,1700319617,81
32e1d693,32.1334,-110.9426,0,0,1700319617,81
32e1d693,32.1334,-110.9427,0,0,1700319621,81
32e1d693,32.1334,-110.9427,0,0,1700319621,81
32e1d693,32.1334,-110.9427,0,0,1700319621,81
32e1d693,32.1334,-110.9427,0,0,1700319621,81
32e1d693,32.1334,-110.9427,0,0,1700319624,81
32e1d693,32.1334,-110.9427,0,0,1700319624,81
32e1d693,32.1334,-110.9427,0,0,1700319624,81
32e1d693,32.1334,-110.9427,0,0,1700319624,81
32e1d693,32.1334,-110.9427,0,0,1700319628,81
32e1d693,32.1334,-110.9427,0,0,1700319628,81
32e1d693,32.1334,-110.9427,0,0,1700319628,81
32e1d693,32.1334,-110.9427,0,0,1700319632,81
32e1d693,32.1334,-110.9427,0,0,1700319632,81
32e1d693,32.1334,-110.9427,0,0,1700319632,81
32e1d693,32.1334,-110.9427,0,0,1700319636,81
32e1d693,32.1334,-110.9427,0,0,1700319636,81
32e1d693,32.1334,-110.9427,0,0,1700319636,81
32e1d693,32.1334,-110.9427,0,0,1700319640,81
32e1d693,32.1334,-110.9427,0,0,1700319640,81
32e1d693,32.1334,-110.9427,0,0,1700319640,81
32e1d693,32.1334,-110.9427,0,0,1700319640,81
32e1d693,32.1334,-110.9427,0,0,1700319644,81
32e1d693,32.1334,-110.9427,0,0,1700319644,81
32e1d693,32.1334,-110.9427,0,0,1700319644,81
32e1d693,32.1334,-110.9427,0,0,1700319648,81
32e1d693,32.1334,-110.9427,0,0,1700319648,81
32e1d693,32.1334,-110.9427,0,0,1700319648,81
32e1d693,32.1334,-110.9427,0,0,1700319652,81
32e1d693,32.1334,-110.9427,0,0,1700319652,81
32e1d693,32.1334,-110.9427,0,0,1700319652,81
32e1d693,32.1334,-110.9427,0,0,1700319657,81
32e1d693,32.1334,-110.9427,0,0,1700319657,81
32e1d693,32.1334,-110.9427,0,0,1700319657,81
32e1d693,32.1334,-110.9427,0,0,1700319657,81
32e1d693,32.1334,-110.9427,0,0,1700319661,81
32e1d693,32.1334,-110.9427,0,0,1700319661,81
32e1d693,32.1334,-110.9427,0,0,1700319661,81
32e1d693,32.1334,-110.9427,0,0,1700319665,81
32e1d693,32.1334,-110.9427,0,0,1700319665,81
32e1d693,32.1334,-110.9427,0,0,1700319665,81
32e1d693,32.1334,-110.9427,0,0,1700319666,81
32e1d693,32.1334,-110.9427,0,0,1700319666,81
32e1d693,32.1334,-110.9427,0,0,1700319666,81
32e1d693,32.1334,-110.9427,0,0,1700319671,81
32e1d693,32.1334,-110.9427,0,0,1700319671,81
32e1d693,32.1334,-110.9427,0,0,1700319671,81
32e1d693,32.1334,-110.9427,0,0,1700319671,81
32e1d693,32.1334,-110.9427,0,0,1700319676,81
32e1d693,32.1334,-110.9427,0,0,1700319676,81
32e1d693,32.1334,-110.9427,0,0,1700319676,81
32e1d693,32.1334,-110.9427,0,0,1700319676,81
32e1d693,32.1334,-110.9427,0,0,1700319676,81
32e1d693,32.1334,-110.9427,0,0,1700319676,81
32e1d693,32.1334,-110.9427,0,0,1700319681,81
32e1d693,32.1334,-110.9427,0,0,1700319681,81
32e1d693,32.1334,-110.9427,0,0,1700319681,81
32e1d693,32.1334,-110.9427,0,0,1700319686,81
32e1d693,32.1334,-110.9427,0,0,1700319686,81
32e1d693,32.1334,-110.9427,0,0,1700319686,81
32e1d888,29.5353,-98.4793,0,0,1700319689,132
32e1d888,29.5353,-98.4793,0,0,1700319689,132
32e1d888,29.5353,-98.4793,0,0,1700319689,132
32e1d888,29.5353,-98.4793,0,0,1700319689,132
32e1d888,29.5353,-98.4793,0,0,1700319689,132
32e1d888,29.5353,-98.4793,0,0,1700319689,132
32e1d888,29.5353,-98.4793,0,0,1700319689,132
32e1d888,29.5353,-98.4793,0,0,1700319689,132
32e1d888,29.5353,-98.4793,0,0,1700319689,132
32e1d888,29.5353,-98.4793,0,0,1700319689,132
32e1d888,29.5353,-98.4793,0,0,1700319689,132
32e1d888,29.5353,-98.4793,0,0,1700319689,132
32e1d888,29.5353,-98.4793,0,0,1700319689,132
32e1d888,29.5353,-98.4793,0,0,1700319689,132
32e1d888,29.5353,-98.4793,0,0,1700319689,132
32e1d888,29.5353,-98.4793,0,0,1700319689,132
32e1d888,29.5353,-98.4793,0,0,1700319689,132
32e1d888,29.5353,-98.4793,0,0,1700319689,132
32e1d888,29.5278,-98.4693,0,0,1700319812,132
32e1d888,29.5278,-98.4693,0,0,1700319812,132
32e1d888,29.5278,-98.4693,0,0,1700319812,132
32e1d888,29.5278,-98.4693,0,0,1700319812,132
32e1d888,29.5278,-98.4693,0,0,1700319812,132
32e1d888,29.5278,-98.4693,0,0,1700319812,132
32e1d888,29.5278,-98.4693,0,0,1700319812,132
32e1d888,29.5278,-98.4693,0,0,1700319812,132
32e1d888,29.5278,-98.4693,0,0,1700319812,132
32e1d888,29.5278,-98.4693,0,0,1700319812,132
32e1d888,29.5278,-98.4693,0,0,1700319812,132
32e1d888,29.5278,-98.4693,0,0,1700319812,132
32e1d888,29.5278,-98.4693,0,0,1700319812,132
32e1d888,29.5278,-98.4693,0,0,1700319812,132
32e1d888,29.5278,-98.4693,0,0,1700319812,132
32e1d888,29.5278,-98.4693,0,0,1700319812,132
32e1d888,29.5278,-98.4693,0,0,1700319812,132
32e1daf4,29.5279,-98.4722,0,3,1700319900,292
32e1daf4,29.5279,-98.4722,0,3,1700319900,292
32e1daf4,29.5279,-98.4722,0,3,1700319900,292
32e1daf4,29.5278,-98.4721,0,3,1700319905,284
32e1daf4,29.5278,-98.4721,0,3,1700319905,284
32e1daf4,29.5278,-98.4721,0,3,1700319905,284
32e1daf4,29.5278,-98.472,0,2,1700319909,270
32e1daf4,29.5278,-98.472,0,2,1700319909,270
32e1daf4,29.5278,-98.472,0,2,1700319909,270
32e1daf4,29.5278,-98.472,0,2,1700319912,261
32e1daf4,29.5278,-98.472,0,2,1700319912,261
32e1daf4,29.5278,-98.472,0,2,1700319912,261
32e1daf4,29.5278,-98.472,0,2,1700319917,250
32e1daf4,29.5278,-98.472,0,2,1700319917,250
32e1daf4,29.5278,-98.472,0,2,1700319917,250
32e1daf4,29.5278,-98.472,0,2,1700319917,250
32e1daf4,29.5278,-98.4719,0,2,1700319920,244
32e1daf4,29.5278,-98.4719,0,2,1700319920,244
32e1daf4,29.5278,-98.4719,0,2,1700319920,244
32e1daf4,29.5278,-98.4719,0,2,1700319924,244
32e1daf4,29.5278,-98.4719,0,2,1700319924,244
32e1daf4,29.5278,-98.4719,0,2,1700319924,244
32e1daf4,29.5278,-98.4718,0,3,1700319928,241
32e1daf4,29.5278,-98.4718,0,3,1700319928,241
32e1daf4,29.5278,-98.4718,0,3,1700319928,241
32e1daf4,29.5279,-98.4717,0,4,1700319933,239
32e1daf4,29.5279,-98.4717,0,4,1700319933,239
32e1daf4,29.5279,-98.4717,0,4,1700319933,239
32e1daf4,29.5279,-98.4717,0,3,1700319936,241
32e1daf4,29.5279,-98.4717,0,3,1700319936,241
32e1daf4,29.5279,-98.4717,0,3,1700319936,241
32e1daf4,29.5279,-98.4717,0,3,1700319936,241
32e1daf4,29.5279,-98.4717,0,3,1700319939,244
32e1daf4,29.5279,-98.4717,0,3,1700319939,244
32e1daf4,29.5279,-98.4717,0,3,1700319939,244
32e1daf4,29.528,-98.4716,0,3,1700319944,255
32e1daf4,29.528,-98.4716,0,3,1700319944,255
32e1daf4,29.528,-98.4716,0,3,1700319944,255
32e1daf4,29.528,-98.4715,0,4,1700319948,267
32e1daf4,29.528,-98.4715,0,4,1700319948,267
32e1daf4,29.528,-98.4715,0,4,1700319948,267
32e1daf4,29.528,-98.4715,0,4,1700319948,267
32e1daf4,29.528,-98.4715,0,3,1700319952,281
32e1daf4,29.528,-98.4715,0,3,1700319952,281
32e1daf4,29.528,-98.4715,0,3,1700319952,281
32e1daf4,29.528,-98.4714,0,3,1700319957,298
32e1daf4,29.528,-98.4714,0,3,1700319957,298
32e1daf4,29.528,-98.4714,0,3,1700319957,298
32e1daf4,29.528,-98.4713,0,3,1700319961,312
32e1daf4,29.528,-98.4713,0,3,1700319961,312
32e1daf4,29.528,-98.4713,0,3,1700319961,312
32e1daf4,29.528,-98.4713,0,2,1700319965,329
32e1daf4,29.528,-98.4713,0,2,1700319965,329
32e1daf4,29.528,-98.4713,0,2,1700319965,329
32e1daf4,29.528,-98.4712,0,2,1700319969,348
32e1daf4,29.528,-98.4712,0,2,1700319969,348
32e1daf4,29.528,-98.4712,0,2,1700319969,348
32e1daf4,29.528,-98.4712,0,2,1700319969,348
32e1daf4,29.5279,-98.4712,0,2,1700319973,5
32e1daf4,29.5279,-98.4712,0,2,1700319973,5
32e1daf4,29.5279,-98.4712,0,2,1700319973,5
32e1daf4,29.5279,-98.4712,0,2,1700319977,22
32e1daf4,29.5279,-98.4712,0,2,1700319977,22
32e1daf4,29.5279,-98.4712,0,2,1700319977,22
32e1daf4,29.5279,-98.4712,0,2,1700319981,36
32e1daf4,29.5279,-98.4712,0,2,1700319981,36
32e1daf4,29.5279,-98.4712,0,2,1700319981,36
32e1daf4,29.5279,-98.4712,0,1,1700319985,47
32e1daf4,29.5279,-98.4712,0,1,1700319985,47
32e1daf4,29.5279,-98.4712,0,1,1700319985,47
32e1daf4,29.5279,-98.4712,0,1,1700319985,47
32e1daf4,29.5278,-98.4712,0,1,1700319989,53
32e1daf4,29.5278,-98.4712,0,1,1700319989,53
32e1daf4,29.5278,-98.4712,0,1,1700319989,53
32e1daf4,29.5278,-98.4712,0,2,1700319992,53
32e1daf4,29.5278,-98.4712,0,2,1700319992,53
32e1daf4,29.5278,-98.4712,0,2,1700319992,53
32e1daf4,29.5278,-98.4713,0,1,1700319996,50
32e1daf4,29.5278,-98.4713,0,1,1700319996,50
32e1daf4,29.5278,-98.4713,0,1,1700319996,50
32e1daf4,29.5278,-98.4713,0,1,1700320000,50
32e1daf4,29.5278,-98.4713,0,1,1700320000,50
32e1daf4,29.5278,-98.4713,0,1,1700320000,50
32e1daf4,29.5278,-98.4713,0,1,1700320003,50
32e1daf4,29.5278,-98.4713,0,1,1700320003,50
32e1daf4,29.5278,-98.4713,0,1,1700320003,50
32e1daf4,29.5278,-98.4713,0,1,1700320003,50
32e1daf4,29.5277,-98.4713,0,1,1700320009,47
32e1daf4,29.5277,-98.4713,0,1,1700320009,47
32e1daf4,29.5277,-98.4713,0,1,1700320009,47
32e1daf4,29.5277,-98.4713,0,1,1700320013,47
32e1daf4,29.5277,-98.4713,0,1,1700320013,47
32e1daf4,29.5277,-98.4713,0,1,1700320013,47
32e1daf4,29.5277,-98.4714,0,1,1700320017,45
32e1daf4,29.5277,-98.4714,0,1,1700320017,45
32e1daf4,29.5277,-98.4714,0,1,1700320017,45
32e1daf4,29.5277,-98.4714,0,1,1700320021,45
32e1daf4,29.5277,-98.4714,0,1,1700320021,45
32e1daf4,29.5277,-98.4714,0,1,1700320021,45
32e1daf4,29.5277,-98.4714,0,1,1700320025,45
32e1daf4,29.5277,-98.4714,0,1,1700320025,45
32e1daf4,29.5277,-98.4714,0,1,1700320025,45
32e1daf4,29.5277,-98.4714,0,1,1700320025,45
32e1daf4,29.5277,-98.4714,0,1,1700320027,45
32e1daf4,29.5277,-98.4714,0,1,1700320027,45
32e1daf4,29.5277,-98.4714,0,0,1700320033,45
32e1daf4,29.5277,-98.4714,0,0,1700320033,45
32e1daf4,29.5277,-98.4714,0,0,1700320033,45
32e1daf4,29.5277,-98.4714,0,0,1700320033,45
32e1daf4,29.5277,-98.4714,0,0,1700320036,45
32e1daf4,29.5277,-98.4714,0,0,1700320036,45
32e1daf4,29.5277,-98.4714,0,0,1700320036,45
32e1daf4,29.5277,-98.4714,0,0,1700320036,45
32e1daf4,29.5277,-98.4714,0,0,1700320036,45
32e1daf4,29.5277,-98.4714,0,0,1700320036,45
32e1daf4,29.5277,-98.4714,0,0,1700320036,45
32e1daf4,29.5277,-98.4714,0,0,1700320036,45
32e1daf4,29.5277,-98.4714,0,0,1700320036,45
32e1daf4,29.5277,-98.4714,0,0,1700320036,45
32e1daf4,29.5277,-98.4714,0,0,1700320036,45
32e1daf4,29.5277,-98.4714,0,0,1700320036,45
32e1daf4,29.5277,-98.4714,0,0,1700320036,45
32e1daf4,29.5277,-98.4714,0,0,1700320036,45
32e1daf4,29.5277,-98.4714,0,0,1700320036,45
32e1daf4,29.5277,-98.4714,0,0,1700320036,45
32e1daf4,29.5277,-98.4714,0,0,1700320036,45
32e1daf4,29.5277,-98.4714,0,0,1700320036,45
32e1daf4,29.5277,-98.4714,0,0,1700320036,45
32e1daf4,29.5277,-98.4714,0,0,1700320057,45
32e1daf4,29.5277,-98.4714,0,0,1700320057,45
32e1daf4,29.5277,-98.4714,0,0,1700320057,45
32e1daf4,29.5277,-98.4714,0,0,1700320062,45
32e1daf4,29.5277,-98.4714,0,0,1700320062,45
32e1daf4,29.5277,-98.4714,0,0,1700320062,45
32e1daf4,29.5277,-98.4714,0,0,1700320062,45
32e1daf4,29.5277,-98.4714,0,0,1700320062,45
32e1daf4,29.5277,-98.4714,0,0,1700320062,45
32e1daf4,29.5277,-98.4714,0,0,1700320062,45
32e1daf4,29.5277,-98.4714,0,0,1700320062,45
32e1daf4,29.5277,-98.4714,0,0,1700320062,45
32e1daf4,29.5277,-98.4714,0,0,1700320062,45
32e1daf4,29.5277,-98.4714,0,0,1700320062,45
32e1daf4,29.5277,-98.4714,0,0,1700320062,45
32e1daf4,29.5277,-98.4714,0,0,1700320062,45
32e1daf4,29.5277,-98.4714,0,0,1700320062,45
32e1daf4,29.5277,-98.4714,0,0,1700320062,45
32e1daf4,29.5277,-98.4714,0,0,1700320062,45
32e1daf4,29.5277,-98.4714,0,0,1700320083,45
32e1daf4,29.5277,-98.4714,0,0,1700320083,45
32e1daf4,29.5277,-98.4714,0,0,1700320083,45
32e1daf4,29.5277,-98.4714,0,0,1700320088,45
32e1daf4,29.5277,-98.4714,0,0,1700320088,45
32e1daf4,29.5277,-98.4714,0,0,1700320088,45
32e1daf4,29.5277,-98.4714,0,0,1700320088,45
32e1daf4,29.5277,-98.4714,0,0,1700320088,45
32e1daf4,29.5277,-98.4714,0,0,1700320088,45
32e1daf4,29.5277,-98.4714,0,0,1700320088,45
32e1daf4,29.5277,-98.4714,0,0,1700320093,45
32e1daf4,29.5277,-98.4714,0,0,1700320093,45
32e1daf4,29.5277,-98.4714,0,0,1700320093,45
32e1daf4,29.5277,-98.4714,0,0,1700320093,45
32e1daf4,29.5277,-98.4714,0,0,1700320093,45
32e1daf4,29.5277,-98.4714,0,0,1700320093,45
32e1daf4,29.5277,-98.4714,0,0,1700320093,45
32e1daf4,29.5277,-98.4714,0,0,1700320093,45
32e1daf4,29.5277,-98.4714,0,0,1700320093,45
32e1daf4,29.5277,-98.4714,0,0,1700320093,45
32e1daf4,29.5277,-98.4714,0,0,1700320093,45
32e1daf4,29.5277,-98.4714,0,0,1700320093,45
32e1daf4,29.5277,-98.4714,0,0,1700320093,45
32e1daf4,29.5277,-98.4714,0,0,1700320093,45
32e1daf4,29.5277,-98.4714,0,0,1700320093,45
32e1daf4,29.5277,-98.4714,0,0,1700320093,45
32e1daf4,29.5277,-98.4714,0,0,1700320093,45
32e1daf4,29.5277,-98.4714,0,0,1700320093,45
32e1daf4,29.5277,-98.4714,0,0,1700320093,45
32e1daf4,29.5277,-98.4714,0,0,1700320093,45
32e1daf4,29.5277,-98.4714,0,0,1700320093,45
32e1daf4,29.5277,-98.4714,0,0,1700320093,45
32e1daf4,29.5277,-98.4714,0,0,1700320093,45
32e1daf4,29.5277,-98.4714,0,0,1700320093,45
32e1daf4,29.5277,-98.4714,0,0,1700320093,45
32e1daf4,29.5277,-98.4714,0,0,1700320093,45
32e1daf4,29.5277,-98.4714,0,0,1700320093,45
32e1daf4,29.5277,-98.4714,0,0,1700320093,45
32e1daf4,29.5277,-98.4714,0,0,1700320093,45
32e1daf4,29.5277,-98.4714,0,0,1700320093,45
32e1daf4,29.5277,-98.4714,0,0,1700320093,45
32e1daf4,29.5277,-98.4714,0,0,1700320093,45
32e1daf4,29.5277,-98.4714,0,0,1700320093,45
32e1daf4,29.5277,-98.4714,0,0,1700320093,45
32e1daf4,29.5277,-98.4714,0,0,1700320093,45
32e1daf4,29.5277,-98.4714,0,0,1700320093,45
32e1daf4,29.5277,-98.4714,0,0,1700320093,45
32e1daf4,29.5277,-98.4714,0,0,1700320093,45
32e1daf4,29.5277,-98.4714,0,0,1700320093,45
32e1daf4,29.5277,-98.4714,0,0,1700320093,45
32e1daf4,29.5277,-98.4714,0,0,1700320093,45
32e1daf4,29.5277,-98.4714,0,0,1700320093,45
32e1daf4,29.5277,-98.4714,0,0,1700320093,45
32e1daf4,29.5277,-98.4714,0,0,1700320093,45
32e1daf4,29.5277,-98.4714,0,0,1700320093,45
32e1daf4,29.5277,-98.4714,0,0,1700320093,45
32e1de79,29.5384,-98.4852,0,0,1700320303,132
32e1de79,29.5384,-98.4852,0,0,1700320303,132
32e1de79,29.5384,-98.4852,0,0,1700320303,132
32e1de79,29.5384,-98.4852,0,0,1700320303,132
32e1de79,29.5384,-98.4852,0,0,1700320303,132
32e1de79,29.5384,-98.4852,0,0,1700320303,132
32e1de79,29.5384,-98.4852,0,0,1700320303,132
32e1de79,29.5384,-98.4852,0,0,1700320303,132
32e1de79,29.5384,-98.4852,0,0,1700320303,132
32e1de79,29.5384,-98.4852,0,0,1700320303,132
32e1de79,29.5384,-98.4852,0,0,1700320303,132
32e1de79,29.5384,-98.4852,0,0,1700320303,132
32e1de79,29.5384,-98.4852,0,0,1700320303,132
32e1de79,29.5384,-98.4852,0,0,1700320303,132
32e1de79,29.5384,-98.4852,0,0,1700320303,132
32e1de79,29.5384,-98.4852,0,0,1700320303,132
32e1de79,29.5384,-98.4852,0,0,1700320303,132
32e1de79,29.5384,-98.4852,0,0,1700320303,132
32e1de79,29.5384,-98.4852,0,0,1700320303,132
32e1de79,29.5384,-98.4852,0,0,1700320353,132
32e1de79,29.5384,-98.4852,0,0,1700320353,132
32e1de79,29.5384,-98.4852,0,0,1700320353,132
32e1de79,29.5384,-98.4852,0,0,1700320359,132
32e1de79,29.5384,-98.4852,0,0,1700320359,132
32e1de79,29.5384,-98.4852,0,0,1700320359,132
32e1de79,29.5384,-98.4852,0,0,1700320359,132
32e1de79,29.5384,-98.4852,0,0,1700320359,132
32e1de79,29.5384,-98.4852,0,0,1700320359,132
32e1de79,29.5384,-98.4852,0,0,1700320359,132
32e1de79,29.5384,-98.4852,0,0,1700320359,132
32e1de79,29.5384,-98.4852,0,0,1700320359,132
32e1de79,29.5384,-98.4852,0,0,1700320359,132
32e1de79,29.5384,-98.4852,0,0,1700320359,132
32e1de79,29.5384,-98.4852,0,0,1700320359,132
32e1de79,29.5384,-98.4852,0,0,1700320359,132
32e1de79,29.5384,-98.4852,0,0,1700320359,132
32e1de79,29.5384,-98.4852,0,0,1700320359,132
32e1de79,29.5384,-98.4852,0,0,1700320359,132
32e1de79,29.5384,-98.4852,0,0,1700320359,132
32e1de79,29.5384,-98.4852,0,0,1700320359,132
32e1de79,29.5384,-98.4852,0,0,1700320359,132
32e1de79,29.5384,-98.4852,0,0,1700320359,132
32e1de79,29.5384,-98.4852,0,0,1700320359,132
32e1de79,29.5384,-98.4852,0,0,1700320359,132
32e1de79,29.5384,-98.4852,0,0,1700320359,132
32e1de79,29.5384,-98.4852,0,0,1700320359,132
32e1de79,29.5384,-98.4852,0,0,1700320359,132
32e1de79,29.5384,-98.4852,0,0,1700320359,132
32e1de79,29.5384,-98.4852,0,0,1700320359,132
32e1de79,29.5384,-98.4852,0,0,1700320359,132
32e1de79,29.5384,-98.4852,0,0,1700320359,132
32e1de79,29.5384,-98.4852,0,0,1700320359,132
32e1de79,29.5384,-98.4852,0,0,1700320359,132
32e1de79,29.5384,-98.4852,0,0,1700320359,132
32e1de79,29.5384,-98.4852,0,0,1700320359,132
32e1de79,29.5384,-98.4852,0,0,1700320399,132
32e1de79,29.5384,-98.4852,0,0,1700320399,132
32e1de79,29.5384,-98.4852,0,0,1700320399,132
32e1de79,29.5384,-98.4852,0,0,1700320399,132
32e1de79,29.5384,-98.4852,0,0,1700320399,132
32e1de79,29.5384,-98.4852,0,0,1700320399,132
32e1de79,29.5384,-98.4852,0,0,1700320399,132
32e1de79,29.5384,-98.4852,0,0,1700320399,132
32e1de79,29.5384,-98.4852,0,0,1700320399,132
32e1de79,29.5384,-98.4852,0,0,1700320399,132
32e1de79,29.5384,-98.4852,0,0,1700320399,132
32e1de79,29.5384,-98.4852,0,0,1700320399,132
32e1de79,29.5384,-98.4852,0,0,1700320399,132
32e1de79,29.5384,-98.4852,0,0,1700320414,132
32e1de79,29.5384,-98.4852,0,0,1700320414,132
32e1de79,29.5384,-98.4852,0,0,1700320414,132
32e1de79,29.5384,-98.4852,0,0,1700320414,132
32e1de79,29.5384,-98.4852,0,0,1700320414,132
32e1de79,29.5384,-98.4852,0,0,1700320414,132
32e1de79,29.5384,-98.4852,0,0,1700320414,132
32e1de79,29.5384,-98.4852,0,0,1700320414,132
32e1de79,29.5384,-98.4852,0,0,1700320414,132
32e1de79,29.5384,-98.4852,0,0,1700320414,132
32e1de79,29.5384,-98.4852,0,0,1700320414,132
32e1de79,29.5384,-98.4852,0,0,1700320414,132
32e1de79,29.5384,-98.4852,0,0,1700320414,132
32e1de79,29.5384,-98.4852,0,0,1700320414,132
32e1de79,29.5384,-98.4852,0,0,1700320414,132
32e1de79,29.5384,-98.4852,0,0,1700320414,132
32e1e153,41.9797,-87.9073,0,1,1700320436,101
32e1e153,41.9797,-87.9073,0,1,1700320436,101
32e1e153,41.9797,-87.9073,0,1,1700320436,101
32e1e153,41.9797,-87.9073,0,1,1700320437,101
32e1e153,41.9797,-87.9073,0,1,1700320437,101
32e1e153,41.9797,-87.9073,0,1,1700320437,101
32e1e153,41.9797,-87.9074,0,1,1700320444,101
32e1e153,41.9797,-87.9074,0,1,1700320444,101
32e1e153,41.9797,-87.9074,0,1,1700320444,101
32e1e153,41.9797,-87.9074,0,1,1700320444,101
32e1e153,41.9797,-87.9074,0,1,1700320448,101
32e1e153,41.9797,-87.9074,0,1,1700320448,101
32e1e153,41.9797,-87.9074,0,1,1700320448,101
32e1e153,41.9797,-87.9075,0,1,1700320452,104
32e1e153,41.9797,-87.9075,0,1,1700320452,104
32e1e153,41.9797,-87.9075,0,1,1700320452,104
32e1e153,41.9798,-87.9075,0,1,1700320456,106
32e1e153,41.9798,-87.9075,0,1,1700320456,106
32e1e153,41.9798,-87.9075,0,1,1700320456,106
32e1e153,41.9797,-87.9075,0,1,1700320460,106
32e1e153,41.9797,-87.9075,0,1,1700320460,106
32e1e153,41.9797,-87.9075,0,1,1700320460,106
32e1e153,41.9798,-87.9076,0,1,1700320464,112
32e1e153,41.9798,-87.9076,0,1,1700320464,112
32e1e153,41.9798,-87.9076,0,1,1700320464,112
32e1e153,41.9798,-87.9076,0,1,1700320469,115
32e1e153,41.9798,-87.9076,0,1,1700320469,115
32e1e153,41.9798,-87.9076,0,1,1700320469,115
32e1e153,41.9798,-87.9076,0,1,1700320469,115
32e1e153,41.9798,-87.9076,0,1,1700320472,118
32e1e153,41.9798,-87.9076,0,1,1700320472,118
32e1e153,41.9798,-87.9076,0,1,1700320472,118
32e1e153,41.9798,-87.9076,0,1,1700320477,120
32e1e153,41.9798,-87.9076,0,1,1700320477,120
32e1e153,41.9798,-87.9076,0,1,1700320477,120
32e1e153,41.9798,-87.9077,0,1,1700320480,123
32e1e153,41.9798,-87.9077,0,1,1700320480,123
32e1e153,41.9798,-87.9077,0,1,1700320480,123
32e1e153,41.9798,-87.9077,0,1,1700320480,123
32e1e153,41.9798,-87.9077,0,1,1700320485,126
32e1e153,41.9798,-87.9077,0,1,1700320485,126
32e1e153,41.9798,-87.9077,0,1,1700320485,126
32e1e153,41.9798,-87.9077,0,1,1700320488,129
32e1e153,41.9798,-87.9077,0,1,1700320488,129
32e1e153,41.9798,-87.9077,0,1,1700320488,129
32e1e153,41.9798,-87.9078,0,1,1700320492,132
32e1e153,41.9798,-87.9078,0,1,1700320492,132
32e1e153,41.9798,-87.9078,0,1,1700320492,132
32e1e1a9,44.8849,-93.2156,0,1,1700320495,289
32e1e1a9,44.8849,-93.2156,0,1,1700320495,289
32e1e1a9,44.8849,-93.2156,0,1,1700320495,289
32e1e1a9,44.8849,-93.2156,0,1,1700320501,289
32e1e1a9,44.8849,-93.2156,0,1,1700320501,289
32e1e1a9,44.8849,-93.2156,0,1,1700320501,289
32e1e1a9,44.8849,-93.2156,0,1,1700320501,289
32e1e1a9,44.8849,-93.2156,0,1,1700320502,289
32e1e1a9,44.8849,-93.2156,0,1,1700320502,289
32e1e1a9,44.8849,-93.2156,0,1,1700320502,289
32e1e1a9,44.8849,-93.2156,0,1,1700320502,289
32e1e1a9,44.8849,-93.2156,0,1,1700320502,289
32e1e1a9,44.8849,-93.2156,0,1,1700320502,289
32e1e1a9,44.8849,-93.2156,0,1,1700320502,289
32e1e1a9,44.8849,-93.2156,0,1,1700320502,289
32e1e1a9,44.8849,-93.2156,0,1,1700320502,289
32e1e1a9,44.8849,-93.2156,0,1,1700320502,289
32e1e1a9,44.8849,-93.2156,0,1,1700320502,289
32e1e1a9,44.8849,-93.2156,0,1,1700320502,289
32e1e1a9,44.8849,-93.2156,0,1,1700320502,289
32e1e1a9,44.8849,-93.2156,0,1,1700320502,289
32e1e1a9,44.8849,-93.2156,0,1,1700320502,289
32e1e1a9,44.8849,-93.2156,0,1,1700320502,289
32e1e1a9,44.8849,-93.2156,0,1,1700320502,289
32e1e1a9,44.8849,-93.2156,0,1,1700320502,289
32e1e1a9,44.8849,-93.2156,0,1,1700320502,289
32e1e1a9,44.8849,-93.2156,0,1,1700320502,289
32e1e1a9,44.8849,-93.2156,0,1,1700320502,289
32e1e1a9,44.8849,-93.2156,0,1,1700320502,289
32e1e1a9,44.8849,-93.2156,0,1,1700320502,289
32e1e1a9,44.8849,-93.2156,0,1,1700320502,289
32e1e1a9,44.8849,-93.2156,0,1,1700320502,289
32e1e1a9,44.8849,-93.2156,0,1,1700320502,289
32e1e1a9,44.8849,-93.2156,0,1,1700320502,289
32e1e1a9,44.8849,-93.2156,0,1,1700320502,289
32e1e1a9,44.8849,-93.2156,0,1,1700320502,289
32e1e1a9,44.8849,-93.2156,0,1,1700320502,289
32e1e1a9,44.8849,-93.2156,0,1,1700320502,289
32e1e1a9,44.8849,-93.2156,0,1,1700320502,289
32e1e1a9,44.8849,-93.2156,0,1,1700320502,289
32e1e1a9,44.8849,-93.2156,0,1,1700320502,289
32e1e1a9,44.8849,-93.2156,0,1,1700320502,289
32e1e1a9,44.8849,-93.2156,0,1,1700320502,289
32e1e1a9,44.8849,-93.2156,0,1,1700320502,289
32e1e1a9,44.8849,-93.2156,0,1,1700320502,289
32e1e2be,29.5381,-98.485,0,1,1700320553,303
32e1e2be,29.5381,-98.485,0,1,1700320553,303
32e1e2be,29.5381,-98.485,0,0,1700320919,303
32e1e2be,29.5381,-98.485,0,0,1700320919,303
32e1e2be,29.5381,-98.485,0,0,1700320919,303
32e1e2be,29.5381,-98.485,0,0,1700320919,303
32e1e2be,29.5381,-98.485,0,0,1700320919,303
32e1e2be,29.5381,-98.485,0,0,1700320919,303
32e1e2be,29.5381,-98.485,0,0,1700320919,303
32e1e2be,29.5381,-98.485,0,0,1700320919,303
32e1e2be,29.5381,-98.485,0,0,1700320919,303
32e1e2be,29.5381,-98.485,0,0,1700320919,303
32e1e2be,29.5381,-98.485,0,0,1700320930,303
32e1e2be,29.5381,-98.485,0,0,1700320930,303
32e1e2be,29.5381,-98.485,0,0,1700320930,303
32e1e2be,29.5381,-98.485,0,0,1700320930,303
32e1e711,29.527,-98.4712,0,0,1700320935,149
32e1e711,29.527,-98.4712,0,0,1700320935,149
32e1e711,29.527,-98.4712,0,0,1700320935,149
32e1e711,29.527,-98.4712,0,0,1700320940,149
32e1e711,29.527,-98.4712,0,0,1700320940,149
32e1e711,29.527,-98.4712,0,0,1700320940,149
32e1e711,29.527,-98.4712,0,0,1700320940,149
32e1e711,29.527,-98.4712,0,0,1700320940,149
32e1e711,29.527,-98.4712,0,0,1700320940,149
32e1e711,29.527,-98.4712,0,0,1700320945,149
32e1e711,29.527,-98.4712,0,0,1700320945,149
32e1e711,29.527,-98.4712,0,0,1700320945,149
32e1e711,29.527,-98.4712,0,0,1700320945,149
32e1e711,29.527,-98.4712,0,0,1700320945,149
32e1e711,29.527,-98.4712,0,0,1700320945,149
32e1e711,29.527,-98.4712,0,0,1700320945,149
32e1e711,29.527,-98.4712,0,0,1700320945,149
32e1e711,29.527,-98.4712,0,0,1700320945,149
32e1e711,29.527,-98.4712,0,0,1700320945,149
32e1e711,29.527,-98.4712,0,0,1700320945,149
32e1e711,29.527,-98.4712,0,0,1700320945,149
32e1e711,29.527,-98.4712,0,0,1700320945,149
32e1e711,29.527,-98.4712,0,0,1700320965,149
32e1e711,29.527,-98.4712,0,0,1700320965,149
32e1e711,29.527,-98.4712,0,0,1700320965,149
32e1e711,29.527,-98.4712,0,0,1700320965,149
32e1e711,29.527,-98.4712,0,0,1700320965,149
32e1e711,29.527,-98.4712,0,0,1700320965,149
32e1e711,29.527,-98.4712,0,0,1700320965,149
32e1e711,29.527,-98.4712,0,0,1700320970,149
32e1e711,29.527,-98.4712,0,0,1700320970,149
32e1e711,29.527,-98.4712,0,0,1700320970,149
32e1e711,29.527,-98.4712,0,0,1700320975,149
32e1e711,29.527,-98.4712,0,0,1700320975,149
32e1e711,29.527,-98.4712,0,0,1700320975,149
32e1e711,29.527,-98.4712,0,0,1700320980,149
32e1e711,29.527,-98.4712,0,0,1700320980,149
32e1e711,29.527,-98.4712,0,0,1700320980,149
32e1e711,29.527,-98.4712,0,0,1700320980,149
32e1e711,29.527,-98.4712,0,0,1700320980,149
32e1e711,29.527,-98.4712,0,0,1700320980,149
32e1e711,29.527,-98.4712,0,0,1700320985,149
32e1e711,29.527,-98.4712,0,0,1700320985,149
32e1e711,29.527,-98.4712,0,0,1700320985,149
32e1e711,29.527,-98.4712,0,0,1700320985,149
32e1e711,29.527,-98.4712,0,0,1700320990,149
32e1e711,29.527,-98.4712,0,0,1700320990,149
32e1e711,29.527,-98.4712,0,0,1700320990,149
32e1e711,29.527,-98.4712,0,0,1700320995,149
32e1e711,29.527,-98.4712,0,0,1700320995,149
32e1e711,29.527,-98.4712,0,0,1700320995,149
32e1e7f1,29.5269,-98.4699,0,4,1700321000,326
32e1e7f1,29.5269,-98.4699,0,4,1700321000,326
32e1e7f1,29.5269,-98.4699,0,4,1700321000,326
32e1e7f1,29.5269,-98.4699,0,4,1700321000,326
32e1e7f1,29.5268,-98.4698,0,4,1700321004,326
32e1e7f1,29.5268,-98.4698,0,4,1700321004,326
32e1e7f1,29.5268,-98.4698,0,4,1700321004,326
32e1e7f1,29.5267,-98.4698,0,4,1700321008,326
32e1e7f1,29.5267,-98.4698,0,4,1700321008,326
32e1e7f1,29.5267,-98.4698,0,4,1700321008,326
32e1e7f1,29.5267,-98.4697,0,4,1700321013,323
32e1e7f1,29.5267,-98.4697,0,4,1700321013,323
32e1e7f1,29.5267,-98.4697,0,4,1700321013,323
32e1e7f1,29.5266,-98.4696,0,4,1700321017,323
32e1e7f1,29.5266,-98.4696,0,4,1700321017,323
32e1e7f1,29.5266,-98.4696,0,4,1700321017,323
32e1e7f1,29.5265,-98.4696,0,4,1700321021,320
32e1e7f1,29.5265,-98.4696,0,4,1700321021,320
32e1e7f1,29.5265,-98.4696,0,4,1700321021,320
32e1e7f1,29.5265,-98.4696,0,4,1700321021,320
32e1e7f1,29.5265,-98.4695,0,4,1700321025,320
32e1e7f1,29.5265,-98.4695,0,4,1700321025,320
32e1e7f1,29.5265,-98.4695,0,4,1700321025,320
32e1e7f1,29.5264,-98.4695,0,3,1700321028,320
32e1e7f1,29.5264,-98.4695,0,3,1700321028,320
32e1e7f1,29.5264,-98.4695,0,3,1700321028,320
32e1e7f1,29.5264,-98.4695,0,3,1700321031,320
32e1e7f1,29.5264,-98.4695,0,3,1700321031,320
32e1e7f1,29.5264,-98.4694,0,1,1700321037,317
32e1e7f1,29.5264,-98.4694,0,1,1700321037,317
32e1e7f1,29.5264,-98.4694,0,1,1700321037,317
32e1e7f1,29.5264,-98.4694,0,0,1700321040,317
32e1e7f1,29.5264,-98.4694,0,0,1700321040,317
32e1e7f1,29.5264,-98.4694,0,0,1700321040,317
32e1e7f1,29.5264,-98.4694,0,0,1700321044,317
32e1e7f1,29.5264,-98.4694,0,0,1700321044,317
32e1e7f1,29.5264,-98.4694,0,0,1700321044,317
32e1e7f1,29.5264,-98.4694,0,0,1700321048,317
32e1e7f1,29.5264,-98.4694,0,0,1700321048,317
32e1e7f1,29.5264,-98.4694,0,0,1700321048,317
32e1e7f1,29.5264,-98.4694,0,0,1700321053,317
32e1e7f1,29.5264,-98.4694,0,0,1700321053,317
32e1e7f1,29.5264,-98.4694,0,0,1700321053,317
32e1e7f1,29.5264,-98.4694,0,0,1700321056,317
32e1e7f1,29.5264,-98.4694,0,0,1700321056,317
32e1e7f1,29.5264,-98.4694,0,0,1700321056,317
32e1e7f1,29.5264,-98.4694,0,0,1700321056,317
32e1e7f1,29.5264,-98.4694,0,0,1700321056,317
32e1e7f1,29.5264,-98.4694,0,0,1700321056,317
32e1e7f1,29.5264,-98.4694,0,0,1700321056,317
32e1e7f1,29.5264,-98.4694,0,0,1700321061,317
32e1e7f1,29.5264,-98.4694,0,0,1700321061,317
32e1e7f1,29.5264,-98.4694,0,0,1700321061,317
32e1e7f1,29.5264,-98.4694,0,0,1700321066,317
32e1e7f1,29.5264,-98.4694,0,0,1700321066,317
32e1e7f1,29.5264,-98.4694,0,0,1700321066,317
32e1e7f1,29.5264,-98.4694,0,0,1700321071,317
32e1e7f1,29.5264,-98.4694,0,0,1700321071,317
32e1e7f1,29.5264,-98.4694,0,0,1700321071,317
32e1e7f1,29.5264,-98.4694,0,0,1700321076,317
32e1e7f1,29.5264,-98.4694,0,0,1700321076,317
32e1e7f1,29.5264,-98.4694,0,0,1700321076,317
32e1e7f1,29.5264,-98.4694,0,0,1700321081,317
32e1e7f1,29.5264,-98.4694,0,0,1700321081,317
32e1e7f1,29.5264,-98.4694,0,0,1700321081,317
32e1e7f1,29.5264,-98.4694,0,0,1700321081,317
32e1e7f1,29.5264,-98.4694,0,0,1700321081,317
32e1e7f1,29.5264,-98.4694,0,0,1700321081,317
32e1e7f1,29.5264,-98.4694,0,0,1700321081,317
32e1e7f1,29.5264,-98.4694,0,0,1700321086,317
32e1e7f1,29.5264,-98.4694,0,0,1700321086,317
32e1e7f1,29.5264,-98.4694,0,0,1700321086,317
32e1e7f1,29.5264,-98.4694,0,0,1700321091,317
32e1e7f1,29.5264,-98.4694,0,0,1700321091,317
32e1e7f1,29.5264,-98.4694,0,0,1700321091,317
32e1e7f1,29.5264,-98.4694,0,0,1700321096,317
32e1e7f1,29.5264,-98.4694,0,0,1700321096,317
32e1e7f1,29.5264,-98.4694,0,0,1700321096,317
32e1e7f1,29.5264,-98.4694,0,0,1700321096,317
32e1e7f1,29.5264,-98.4694,0,0,1700321101,317
32e1e7f1,29.5264,-98.4694,0,0,1700321101,317
32e1e7f1,29.5264,-98.4694,0,0,1700321101,317
32e1e7f1,29.5264,-98.4694,0,0,1700321101,317
32e1e7f1,29.5264,-98.4694,0,0,1700321101,317
32e1e7f1,29.5264,-98.4694,0,0,1700321101,317
32e1e7f1,29.5264,-98.4694,0,0,1700321106,317
32e1e7f1,29.5264,-98.4694,0,0,1700321106,317
32e1e7f1,29.5264,-98.4694,0,0,1700321106,317
32e1e7f1,29.5264,-98.4694,0,0,1700321106,317
32e1e7f1,29.5264,-98.4694,0,0,1700321111,317
32e1e7f1,29.5264,-98.4694,0,0,1700321111,317
32e1e7f1,29.5264,-98.4694,0,0,1700321111,317
32e1e7f1,29.5264,-98.4694,0,0,1700321116,317
32e1e7f1,29.5264,-98.4694,0,0,1700321116,317
32e1e7f1,29.5264,-98.4694,0,0,1700321116,317
32e1e7f1,29.5264,-98.4694,0,0,1700321121,317
32e1e7f1,29.5264,-98.4694,0,0,1700321121,317
32e1e7f1,29.5264,-98.4694,0,0,1700321121,317
32e1e7f1,29.5264,-98.4694,0,0,1700321121,317
32e1e7f1,29.5264,-98.4694,0,0,1700321121,317
32e1e7f1,29.5264,-98.4694,0,0,1700321121,317
32e1e7f1,29.5264,-98.4694,0,0,1700321126,317
32e1e7f1,29.5264,-98.4694,0,0,1700321126,317
32e1e7f1,29.5264,-98.4694,0,0,1700321126,317
32e1e7f1,29.5264,-98.4694,0,0,1700321126,317
32e1e7f1,29.5264,-98.4694,0,0,1700321131,317
32e1e7f1,29.5264,-98.4694,0,0,1700321131,317
32e1e7f1,29.5264,-98.4694,0,0,1700321131,317
32e1e7f1,29.5264,-98.4694,0,0,1700321136,317
32e1e7f1,29.5264,-98.4694,0,0,1700321136,317
32e1e7f1,29.5264,-98.4694,0,0,1700321136,317
32e1e7f1,29.5264,-98.4694,0,0,1700321141,317
32e1e7f1,29.5264,-98.4694,0,0,1700321141,317
32e1e7f1,29.5264,-98.4694,0,0,1700321141,317
32e1e7f1,29.5264,-98.4694,0,0,1700321141,317
32e1e7f1,29.5264,-98.4694,0,0,1700321141,317
32e1e7f1,29.5264,-98.4694,0,0,1700321141,317
32e1e7f1,29.5264,-98.4694,0,0,1700321141,317
32e1e7f1,29.5264,-98.4694,0,0,1700321146,317
32e1e7f1,29.5264,-98.4694,0,0,1700321146,317
32e1e7f1,29.5264,-98.4694,0,0,1700321146,317
32e1e7f1,29.5264,-98.4694,0,0,1700321151,317
32e1e7f1,29.5264,-98.4694,0,0,1700321151,317
32e1e7f1,29.5264,-98.4694,0,0,1700321151,317
32e1e7f1,29.5264,-98.4694,0,0,1700321156,317
32e1e7f1,29.5264,-98.4694,0,0,1700321156,317
32e1e7f1,29.5264,-98.4694,0,0,1700321156,317
32e1e7f1,29.5264,-98.4694,0,0,1700321161,317
32e1e7f1,29.5264,-98.4694,0,0,1700321161,317
32e1e7f1,29.5264,-98.4694,0,0,1700321161,317
32e1e7f1,29.5264,-98.4694,0,0,1700321161,317
32e1e7f1,29.5264,-98.4694,0,0,1700321161,317
32e1e7f1,29.5264,-98.4694,0,0,1700321161,317
32e1e7f1,29.5264,-98.4694,0,0,1700321166,317
32e1e7f1,29.5264,-98.4694,0,0,1700321166,317
32e1e7f1,29.5264,-98.4694,0,0,1700321171,317
32e1e7f1,29.5264,-98.4694,0,0,1700321171,317
32e1e7f1,29.5264,-98.4694,0,0,1700321176,317
32e1e7f1,29.5264,-98.4694,0,0,1700321176,317
32e1e7f1,29.5264,-98.4694,0,0,1700321176,317
32e1e7f1,29.5264,-98.4694,0,0,1700321176,317
32e1e7f1,29.5264,-98.4694,0,0,1700321176,317
32e1e7f1,29.5264,-98.4694,0,0,1700321176,317
32e1e7f1,29.5264,-98.4694,0,0,1700321181,317
32e1e7f1,29.5264,-98.4694,0,0,1700321181,317
32e1e7f1,29.5264,-98.4694,0,0,1700321181,317
32e1e7f1,29.5264,-98.4694,0,0,1700321186,317
32e1e7f1,29.5264,-98.4694,0,0,1700321186,317
32e1e7f1,29.5264,-98.4694,0,0,1700321186,317
32e1e7f1,29.5264,-98.4694,0,0,1700321186,317
32e1e7f1,29.5264,-98.4694,0,0,1700321186,317
32e1e7f1,29.5264,-98.4694,0,0,1700321186,317
32e1e7f1,29.5264,-98.4694,0,0,1700321196,317
32e1e7f1,29.5264,-98.4694,0,0,1700321196,317
32e1e7f1,29.5264,-98.4694,0,0,1700321196,317
32e1e7f1,29.5264,-98.4694,0,0,1700321201,317
32e1e7f1,29.5264,-98.4694,0,0,1700321201,317
32e1e7f1,29.5264,-98.4694,0,0,1700321201,317
32e1e7f1,29.5264,-98.4694,0,0,1700321201,317
32e1e7f1,29.5264,-98.4694,0,0,1700321201,317
32e1e7f1,29.5264,-98.4694,0,0,1700321201,317
32e1e7f1,29.5264,-98.4694,0,0,1700321201,317
32e1e7f1,29.5264,-98.4694,0,0,1700321201,317
32e1e7f1,29.5264,-98.4694,0,0,1700321201,317
32e1e7f1,29.5264,-98.4694,0,0,1700321211,317
32e1e7f1,29.5264,-98.4694,0,0,1700321211,317
32e1e7f1,29.5264,-98.4694,0,0,1700321211,317
32e1e7f1,29.5264,-98.4694,0,0,1700321211,317
32e1e7f1,29.5264,-98.4694,0,0,1700321216,317
32e1e7f1,29.5264,-98.4694,0,0,1700321216,317
32e1e7f1,29.5264,-98.4694,0,0,1700321216,317
32e1e7f1,29.5264,-98.4694,0,0,1700321220,317
32e1e7f1,29.5264,-98.4694,0,0,1700321220,317
32e1e7f1,29.5264,-98.4694,0,0,1700321220,317
32e1e7f1,29.5264,-98.4694,0,0,1700321225,317
32e1e7f1,29.5264,-98.4694,0,0,1700321225,317
32e1e7f1,29.5264,-98.4694,0,0,1700321225,317
32e1e7f1,29.5264,-98.4694,0,0,1700321225,317
32e1e7f1,29.5264,-98.4694,0,0,1700321225,317
32e1e7f1,29.5264,-98.4694,0,0,1700321225,317
32e1e7f1,29.5264,-98.4694,0,0,1700321225,317
32e1e7f1,29.5264,-98.4694,0,0,1700321230,317
32e1e7f1,29.5264,-98.4694,0,0,1700321230,317
32e1e7f1,29.5264,-98.4694,0,0,1700321230,317
32e1e7f1,29.5264,-98.4694,0,0,1700321235,317
32e1e7f1,29.5264,-98.4694,0,0,1700321235,317
32e1e7f1,29.5264,-98.4694,0,0,1700321235,317
32e1e7f1,29.5264,-98.4694,0,0,1700321235,317
32e1e7f1,29.5264,-98.4694,0,0,1700321235,317
32e1e7f1,29.5264,-98.4694,0,0,1700321235,317
32e1e7f1,29.5264,-98.4694,0,0,1700321235,317
32e1e7f1,29.5264,-98.4694,0,0,1700321235,317
32e1e7f1,29.5264,-98.4694,0,0,1700321235,317
32e1e7f1,29.5264,-98.4694,0,0,1700321235,317
32e1e7f1,29.5264,-98.4694,0,0,1700321245,317
32e1e7f1,29.5264,-98.4694,0,0,1700321245,317
32e1e7f1,29.5264,-98.4694,0,0,1700321245,317
32e1e7f1,29.5264,-98.4694,0,0,1700321250,317
32e1e7f1,29.5264,-98.4694,0,0,1700321250,317
32e1e7f1,29.5264,-98.4694,0,0,1700321250,317
32e1e7f1,29.5264,-98.4694,0,0,1700321255,317
32e1e7f1,29.5264,-98.4694,0,0,1700321255,317
32e1e7f1,29.5264,-98.4694,0,0,1700321255,317
32e1e7f1,29.5264,-98.4694,0,0,1700321260,317
32e1e7f1,29.5264,-98.4694,0,0,1700321260,317
32e1e7f1,29.5264,-98.4694,0,0,1700321260,317
32e1e7f1,29.5264,-98.4694,0,0,1700321265,317
32e1e7f1,29.5264,-98.4694,0,0,1700321265,317
32e1e7f1,29.5264,-98.4694,0,0,1700321265,317
32e1e7f1,29.5264,-98.4694,0,0,1700321265,317
32e1e7f1,29.5264,-98.4694,0,0,1700321265,317
32e1e7f1,29.5264,-98.4694,0,0,1700321265,317
32e1e7f1,29.5264,-98.4694,0,0,1700321265,317
32e1e7f1,29.5264,-98.4694,0,0,1700321270,317
32e1e7f1,29.5264,-98.4694,0,0,1700321270,317
32e1e7f1,29.5264,-98.4694,0,0,1700321270,317
32e1e7f1,29.5264,-98.4694,0,0,1700321275,317
32e1e7f1,29.5264,-98.4694,0,0,1700321275,317
32e1e7f1,29.5264,-98.4694,0,0,1700321275,317
32e1e7f1,29.5264,-98.4694,0,0,1700321280,317
32e1e7f1,29.5264,-98.4694,0,0,1700321280,317
32e1e7f1,29.5264,-98.4694,0,0,1700321280,317
32e1e7f1,29.5264,-98.4694,0,0,1700321280,317
32e1e7f1,29.5264,-98.4694,0,0,1700321280,317
32e1e7f1,29.5264,-98.4694,0,0,1700321280,317
32e1e7f1,29.5264,-98.4694,0,0,1700321286,317
32e1e7f1,29.5264,-98.4694,0,0,1700321286,317
32e1e7f1,29.5264,-98.4694,0,0,1700321286,317
32e1e7f1,29.5264,-98.4694,0,0,1700321286,317
32e1e7f1,29.5264,-98.4694,0,0,1700321286,317
32e1e7f1,29.5264,-98.4694,0,0,1700321286,317
32e1e7f1,29.5264,-98.4694,0,0,1700321290,317
32e1e7f1,29.5264,-98.4694,0,0,1700321290,317
32e1e7f1,29.5264,-98.4694,0,0,1700321290,317
32e1e7f1,29.5264,-98.4694,0,0,1700321290,317
32e1e7f1,29.5264,-98.4694,0,0,1700321290,317
32e1e7f1,29.5264,-98.4694,0,0,1700321290,317
32e1e7f1,29.5264,-98.4694,0,0,1700321290,317
32e1e7f1,29.5264,-98.4694,0,0,1700321290,317
32e1e7f1,29.5264,-98.4694,0,0,1700321295,317
32e1e7f1,29.5264,-98.4694,0,0,1700321295,317
32e1e7f1,29.5264,-98.4694,0,0,1700321295,317
32e1e7f1,29.5264,-98.4694,0,0,1700321295,317
32e1e7f1,29.5264,-98.4694,0,0,1700321295,317
32e1e7f1,29.5264,-98.4694,0,0,1700321295,317
32e1e7f1,29.5264,-98.4694,0,0,1700321300,317
32e1e7f1,29.5264,-98.4694,0,0,1700321300,317
32e1e7f1,29.5264,-98.4694,0,0,1700321300,317
32e1e7f1,29.5264,-98.4694,0,0,1700321300,317
32e1e7f1,29.5264,-98.4694,0,0,1700321300,317
32e1e7f1,29.5264,-98.4694,0,0,1700321300,317
32e1e7f1,29.5264,-98.4694,0,0,1700321300,317
32e1e7f1,29.5264,-98.4694,0,0,1700321300,317
32e1e7f1,29.5264,-98.4694,0,0,1700321300,317
32e1e7f1,29.5264,-98.4694,0,0,1700321300,317
32e1e7f1,29.5264,-98.4694,0,0,1700321300,317
32e1e7f1,29.5264,-98.4694,0,0,1700321300,317
32e1e7f1,29.5264,-98.4694,0,0,1700321305,317
32e1e7f1,29.5264,-98.4694,0,0,1700321305,317
32e1e7f1,29.5264,-98.4694,0,0,1700321305,317
32e1e7f1,29.5264,-98.4694,0,0,1700321305,317
32e1e7f1,29.5264,-98.4694,0,0,1700321305,317
32e1e7f1,29.5264,-98.4694,0,0,1700321305,317
32e1e7f1,29.5264,-98.4694,0,0,1700321305,317
32e1e7f1,29.5264,-98.4694,0,0,1700321305,317
32e1e7f1,29.5264,-98.4694,0,0,1700321311,317
32e1e7f1,29.5264,-98.4694,0,0,1700321311,317
32e1e7f1,29.5264,-98.4694,0,0,1700321311,317
32e1e7f1,29.5264,-98.4694,0,0,1700321311,317
32e1e7f1,29.5264,-98.4694,0,0,1700321311,317
32e1e7f1,29.5264,-98.4694,0,0,1700321311,317
32e1e7f1,29.5264,-98.4694,0,0,1700321315,317
32e1e7f1,29.5264,-98.4694,0,0,1700321315,317
32e1e7f1,29.5264,-98.4694,0,0,1700321315,317
32e1e7f1,29.5264,-98.4694,0,0,1700321315,317
32e1e7f1,29.5264,-98.4694,0,0,1700321315,317
32e1e7f1,29.5264,-98.4694,0,0,1700321315,317
32e1e7f1,29.5264,-98.4694,0,0,1700321320,317
32e1e7f1,29.5264,-98.4694,0,0,1700321320,317
32e1e7f1,29.5264,-98.4694,0,0,1700321320,317
32e1e7f1,29.5264,-98.4694,0,0,1700321320,317
32e1e7f1,29.5264,-98.4694,0,0,1700321320,317
32e1e7f1,29.5264,-98.4694,0,0,1700321320,317
32e1e7f1,29.5264,-98.4694,0,0,1700321320,317
32e1e7f1,29.5264,-98.4694,0,0,1700321320,317
32e1e7f1,29.5264,-98.4694,0,0,1700321320,317
32e1e7f1,29.5264,-98.4694,0,0,1700321320,317
32e1e7f1,29.5264,-98.4694,0,0,1700321320,317
32e1e7f1,29.5264,-98.4694,0,0,1700321320,317
32e1e7f1,29.5264,-98.4694,0,0,1700321320,317
32e1e7f1,29.5264,-98.4694,0,0,1700321320,317
32e1e7f1,29.5264,-98.4694,0,0,1700321325,317
32e1e7f1,29.5264,-98.4694,0,0,1700321325,317
32e1e7f1,29.5264,-98.4694,0,0,1700321325,317
32e1e7f1,29.5264,-98.4694,0,0,1700321325,317
32e1e7f1,29.5264,-98.4694,0,0,1700321330,317
32e1e7f1,29.5264,-98.4694,0,0,1700321330,317
32e1e7f1,29.5264,-98.4694,0,0,1700321330,317
32e1e7f1,29.5264,-98.4694,0,0,1700321330,317
32e1e7f1,29.5264,-98.4694,0,0,1700321330,317
32e1e7f1,29.5264,-98.4694,0,0,1700321330,317
32e1e7f1,29.5264,-98.4694,0,0,1700321335,317
32e1e7f1,29.5264,-98.4694,0,0,1700321335,317
32e1e7f1,29.5264,-98.4694,0,0,1700321335,317
32e1e7f1,29.5264,-98.4694,0,0,1700321335,317
32e1e7f1,29.5264,-98.4694,0,0,1700321335,317
32e1e7f1,29.5264,-98.4694,0,0,1700321335,317
32e1e7f1,29.5264,-98.4694,0,0,1700321340,317
32e1e7f1,29.5264,-98.4694,0,0,1700321340,317
32e1e7f1,29.5264,-98.4694,0,0,1700321340,317
32e1e7f1,29.5264,-98.4694,0,0,1700321340,317
32e1e7f1,29.5264,-98.4694,0,0,1700321340,317
32e1e7f1,29.5264,-98.4694,0,0,1700321340,317
32e1e7f1,29.5264,-98.4694,0,0,1700321340,317
32e1e7f1,29.5264,-98.4694,0,0,1700321340,317
32e1e7f1,29.5264,-98.4694,0,0,1700321340,317
32e1e7f1,29.5264,-98.4694,0,0,1700321340,317
32e1e7f1,29.5264,-98.4694,0,0,1700321340,317
32e1e7f1,29.5264,-98.4694,0,0,1700321340,317
32e1e7f1,29.5264,-98.4694,0,0,1700321340,317
32e1e7f1,29.5264,-98.4694,0,0,1700321340,317
32e1e7f1,29.5264,-98.4694,0,0,1700321345,317
32e1e7f1,29.5264,-98.4694,0,0,1700321345,317
32e1e7f1,29.5264,-98.4694,0,0,1700321345,317
32e1e7f1,29.5264,-98.4694,0,0,1700321345,317
32e1e7f1,29.5264,-98.4694,0,0,1700321345,317
32e1e7f1,29.5264,-98.4694,0,0,1700321345,317
32e1e7f1,29.5264,-98.4694,0,0,1700321350,317
32e1e7f1,29.5264,-98.4694,0,0,1700321350,317
32e1e7f1,29.5264,-98.4694,0,0,1700321350,317
32e1e7f1,29.5264,-98.4694,0,0,1700321350,317
32e1e7f1,29.5264,-98.4694,0,0,1700321350,317
32e1e7f1,29.5264,-98.4694,0,0,1700321350,317
32e1e7f1,29.5264,-98.4694,0,0,1700321355,317
32e1e7f1,29.5264,-98.4694,0,0,1700321355,317
32e1e7f1,29.5264,-98.4694,0,0,1700321355,317
32e1e7f1,29.5264,-98.4694,0,0,1700321355,317
32e1e7f1,29.5264,-98.4694,0,0,1700321355,317
32e1e7f1,29.5264,-98.4694,0,0,1700321355,317
32e1e7f1,29.5264,-98.4694,0,0,1700321360,317
32e1e7f1,29.5264,-98.4694,0,0,1700321360,317
32e1e7f1,29.5264,-98.4694,0,0,1700321360,317
32e1e7f1,29.5264,-98.4694,0,0,1700321360,317
32e1e7f1,29.5264,-98.4694,0,0,1700321360,317
32e1e7f1,29.5264,-98.4694,0,0,1700321360,317
32e1e7f1,29.5264,-98.4694,0,0,1700321360,317
32e1e7f1,29.5264,-98.4694,0,0,1700321360,317
32e1e7f1,29.5264,-98.4694,0,0,1700321360,317
32e1e7f1,29.5264,-98.4694,0,0,1700321360,317
32e1e7f1,29.5264,-98.4694,0,0,1700321360,317
32e1e7f1,29.5264,-98.4694,0,0,1700321360,317
32e1e7f1,29.5264,-98.4694,0,0,1700321360,317
32e1e7f1,29.5264,-98.4694,0,0,1700321360,317
32e1e7f1,29.5264,-98.4694,0,0,1700321365,317
32e1e7f1,29.5264,-98.4694,0,0,1700321365,317
32e1e7f1,29.5264,-98.4694,0,0,1700321365,317
32e1e7f1,29.5264,-98.4694,0,0,1700321365,317
32e1e7f1,29.5264,-98.4694,0,0,1700321365,317
32e1e7f1,29.5264,-98.4694,0,0,1700321365,317
32e1e7f1,29.5264,-98.4694,0,0,1700321370,317
32e1e7f1,29.5264,-98.4694,0,0,1700321370,317
32e1e7f1,29.5264,-98.4694,0,0,1700321370,317
32e1e7f1,29.5264,-98.4694,0,0,1700321370,317
32e1e7f1,29.5264,-98.4694,0,0,1700321370,317
32e1e7f1,29.5264,-98.4694,0,0,1700321370,317
32e1e7f1,29.5264,-98.4694,0,0,1700321375,317
32e1e7f1,29.5264,-98.4694,0,0,1700321375,317
32e1e7f1,29.5264,-98.4694,0,0,1700321375,317
32e1e7f1,29.5264,-98.4694,0,0,1700321375,317
32e1e7f1,29.5264,-98.4694,0,0,1700321375,317
32e1e7f1,29.5264,-98.4694,0,0,1700321375,317
32e1e7f1,29.5264,-98.4695,0,0,1700321380,312
32e1e7f1,29.5264,-98.4695,0,0,1700321380,312
32e1e7f1,29.5264,-98.4695,0,0,1700321380,312
32e1e7f1,29.5264,-98.4695,0,0,1700321380,312
32e1e7f1,29.5264,-98.4695,0,0,1700321380,312
32e1e7f1,29.5264,-98.4695,0,0,1700321380,312
32e1e7f1,29.5264,-98.4695,0,0,1700321380,312
32e1e7f1,29.5264,-98.4695,0,0,1700321380,312
32e1e7f1,29.5264,-98.4695,0,0,1700321380,312
32e1e7f1,29.5264,-98.4695,0,0,1700321380,312
32e1e7f1,29.5264,-98.4695,0,0,1700321380,312
32e1e7f1,29.5264,-98.4695,0,0,1700321380,312
32e1e7f1,29.5264,-98.4695,0,0,1700321380,312
32e1e7f1,29.5264,-98.4695,0,0,1700321380,312
32e1e7f1,29.5264,-98.4695,0,0,1700321380,312
32e1e7f1,29.5264,-98.4695,0,0,1700321380,312
32e1e7f1,29.5264,-98.4695,0,0,1700321380,312
32e1e7f1,29.5264,-98.4695,0,0,1700321380,312
32e1e7f1,29.5264,-98.4695,0,0,1700321380,312
32e1e7f1,29.5264,-98.4695,0,0,1700321380,312
32e1e7f1,29.5263,-98.4696,0,3,1700321393,255
32e1e7f1,29.5263,-98.4696,0,3,1700321393,255
32e1e7f1,29.5263,-98.4696,0,3,1700321393,255
32e1e7f1,29.5263,-98.4696,0,3,1700321393,255
32e1e7f1,29.5263,-98.4696,0,3,1700321393,255
32e1e7f1,29.5263,-98.4696,0,3,1700321393,255
32e1e7f1,29.5263,-98.4696,0,3,1700321396,236
32e1e7f1,29.5263,-98.4696,0,3,1700321396,236
32e1e7f1,29.5263,-98.4696,0,3,1700321396,236
32e1e7f1,29.5263,-98.4696,0,3,1700321396,236
32e1e7f1,29.5263,-98.4696,0,3,1700321396,236
32e1e7f1,29.5263,-98.4696,0,3,1700321396,236
32e1e7f1,29.5262,-98.4697,0,5,1700321401,210
32e1e7f1,29.5262,-98.4697,0,5,1700321401,210
32e1e7f1,29.5262,-98.4697,0,5,1700321401,210
32e1e7f1,29.5262,-98.4697,0,5,1700321401,210
32e1e7f1,29.5262,-98.4697,0,5,1700321401,210
32e1e7f1,29.5262,-98.4697,0,5,1700321401,210
32e1e7f1,29.5261,-98.4697,0,7,1700321405,191
32e1e7f1,29.5261,-98.4697,0,7,1700321405,191
32e1e7f1,29.5261,-98.4697,0,7,1700321405,191
32e1e7f1,29.5261,-98.4697,0,7,1700321405,191
32e1e7f1,29.5261,-98.4697,0,7,1700321405,191
32e1e7f1,29.5261,-98.4697,0,7,1700321405,191
32e1e7f1,29.5261,-98.4697,0,7,1700321405,191
32e1e7f1,29.5261,-98.4697,0,7,1700321405,191
32e1e7f1,29.5261,-98.4697,0,7,1700321405,191
32e1e7f1,29.5261,-98.4697,0,7,1700321405,191
32e1e7f1,29.5261,-98.4697,0,7,1700321405,191
32e1e7f1,29.5261,-98.4697,0,7,1700321405,191
32e1e7f1,29.5259,-98.4697,0,9,1700321409,177
32e1e7f1,29.5259,-98.4697,0,9,1700321409,177
32e1e7f1,29.5259,-98.4697,0,9,1700321409,177
32e1e7f1,29.5259,-98.4697,0,9,1700321409,177
32e1e7f1,29.5259,-98.4697,0,9,1700321409,177
32e1e7f1,29.5259,-98.4697,0,9,1700321409,177
32e1e7f1,29.5259,-98.4697,0,9,1700321409,177
32e1e7f1,29.5259,-98.4697,0,9,1700321409,177
32e1e7f1,29.5259,-98.4697,0,9,1700321409,177
32e1e7f1,29.5257,-98.4696,0,10,1700321413,165
32e1e7f1,29.5257,-98.4696,0,10,1700321413,165
32e1e7f1,29.5257,-98.4696,0,10,1700321413,165
32e1e7f1,29.5257,-98.4696,0,10,1700321413,165
32e1e7f1,29.5257,-98.4696,0,10,1700321413,165
32e1e7f1,29.5257,-98.4696,0,10,1700321413,165
32e1e7f1,29.5257,-98.4696,0,10,1700321413,165
32e1e7f1,29.5257,-98.4696,0,10,1700321413,165
32e1e7f1,29.5257,-98.4696,0,10,1700321413,165
32e1e7f1,29.5255,-98.4696,0,11,1700321417,171
32e1e7f1,29.5255,-98.4696,0,11,1700321417,171
32e1e7f1,29.5255,-98.4696,0,11,1700321417,171
32e1e7f1,29.5255,-98.4696,0,11,1700321417,171
32e1e7f1,29.5255,-98.4696,0,11,1700321417,171
32e1e7f1,29.5255,-98.4696,0,11,1700321417,171
32e1e7f1,29.5255,-98.4696,0,11,1700321417,171
32e1e7f1,29.5255,-98.4696,0,11,1700321417,171
32e1e7f1,29.5255,-98.4696,0,11,1700321417,171
32e1e7f1,29.5255,-98.4696,0,11,1700321419,177
32e1e7f1,29.5255,-98.4696,0,11,1700321419,177
32e1e7f1,29.5255,-98.4696,0,11,1700321419,177
32e1e7f1,29.5255,-98.4696,0,11,1700321419,177
32e1e7f1,29.5255,-98.4696,0,11,1700321419,177
32e1e7f1,29.5255,-98.4696,0,11,1700321419,177
32e1e7f1,29.5255,-98.4696,0,11,1700321419,177
32e1e7f1,29.5255,-98.4696,0,11,1700321419,177
32e1e7f1,29.5255,-98.4696,0,11,1700321419,177
32e1e7f1,29.5255,-98.4696,0,11,1700321419,177
32e1e7f1,29.5255,-98.4696,0,11,1700321419,177
32e1e7f1,29.5255,-98.4696,0,11,1700321419,177
32e1e7f1,29.5252,-98.4697,0,11,1700321425,205
32e1e7f1,29.5252,-98.4697,0,11,1700321425,205
32e1e7f1,29.5252,-98.4697,0,11,1700321425,205
32e1e7f1,29.5252,-98.4697,0,11,1700321425,205
32e1e7f1,29.5252,-98.4697,0,11,1700321425,205
32e1e7f1,29.5252,-98.4697,0,11,1700321425,205
32e1e7f1,29.5252,-98.4697,0,11,1700321425,205
32e1e7f1,29.5252,-98.4697,0,11,1700321425,205
32e1e7f1,29.5252,-98.4697,0,11,1700321425,205
32e1e7f1,29.525,-98.4698,0,10,1700321429,216
32e1e7f1,29.525,-98.4698,0,10,1700321429,216
32e1e7f1,29.525,-98.4698,0,10,1700321429,216
32e1e7f1,29.525,-98.4698,0,10,1700321429,216
32e1e7f1,29.525,-98.4698,0,10,1700321429,216
32e1e7f1,29.525,-98.4698,0,10,1700321429,216
32e1e7f1,29.525,-98.4698,0,10,1700321429,216
32e1e7f1,29.525,-98.4698,0,10,1700321429,216
32e1e7f1,29.525,-98.4698,0,10,1700321429,216
32e1e7f1,29.5249,-98.4699,0,10,1700321432,219
32e1e7f1,29.5249,-98.4699,0,10,1700321432,219
32e1e7f1,29.5249,-98.4699,0,10,1700321432,219
32e1e7f1,29.5249,-98.4699,0,10,1700321432,219
32e1e7f1,29.5249,-98.4699,0,10,1700321432,219
32e1e7f1,29.5249,-98.4699,0,10,1700321432,219
32e1e7f1,29.5249,-98.4699,0,10,1700321432,219
32e1e7f1,29.5249,-98.4699,0,10,1700321432,219
32e1e7f1,29.5249,-98.4699,0,10,1700321432,219
32e1e7f1,29.5249,-98.4699,0,10,1700321432,219
32e1e7f1,29.5249,-98.4699,0,10,1700321432,219
32e1e7f1,29.5249,-98.4699,0,10,1700321432,219
32e1e7f1,29.5247,-98.4701,0,11,1700321436,219
32e1e7f1,29.5247,-98.4701,0,11,1700321436,219
32e1e7f1,29.5247,-98.4701,0,11,1700321436,219
32e1e7f1,29.5247,-98.4701,0,11,1700321436,219
32e1e7f1,29.5247,-98.4701,0,11,1700321436,219
32e1e7f1,29.5247,-98.4701,0,11,1700321436,219
32e1e7f1,29.5247,-98.4701,0,11,1700321436,219
32e1e7f1,29.5247,-98.4701,0,11,1700321436,219
32e1e7f1,29.5247,-98.4701,0,11,1700321436,219
32e1e7f1,29.5247,-98.4701,0,11,1700321437,219
32e1e7f1,29.5247,-98.4701,0,11,1700321437,219
32e1e7f1,29.5247,-98.4701,0,11,1700321437,219
32e1e7f1,29.5247,-98.4701,0,11,1700321437,219
32e1e7f1,29.5247,-98.4701,0,11,1700321437,219
32e1e7f1,29.5247,-98.4701,0,11,1700321437,219
32e1e7f1,29.5247,-98.4701,0,11,1700321437,219
32e1e7f1,29.5247,-98.4701,0,11,1700321437,219
32e1e7f1,29.5247,-98.4701,0,11,1700321437,219
32e1e7f1,29.5247,-98.4701,0,11,1700321437,219
32e1e7f1,29.5247,-98.4701,0,11,1700321437,219
32e1e7f1,29.5247,-98.4701,0,11,1700321437,219
32e1e7f1,29.5247,-98.4701,0,11,1700321437,219
32e1e7f1,29.5247,-98.4701,0,11,1700321437,219
32e1e7f1,29.5247,-98.4701,0,11,1700321437,219
32e1e7f1,29.5247,-98.4701,0,11,1700321437,219
32e1e7f1,29.5247,-98.4701,0,11,1700321437,219
32e1e7f1,29.5247,-98.4701,0,11,1700321437,219
32e1e7f1,29.5247,-98.4701,0,11,1700321437,219
32e1e7f1,29.5247,-98.4701,0,11,1700321437,219
32e1e7f1,29.5247,-98.4701,0,11,1700321437,219
32e1e7f1,29.5247,-98.4701,0,11,1700321437,219
32e1e7f1,29.5247,-98.4701,0,11,1700321437,219
32e1e7f1,29.5247,-98.4701,0,11,1700321437,219
32e1e7f1,29.5247,-98.4701,0,11,1700321437,219
32e1e7f1,29.5247,-98.4701,0,11,1700321437,219
32e1e7f1,29.5247,-98.4701,0,11,1700321437,219
32e1e7f1,29.5247,-98.4701,0,11,1700321437,219
32e1e7f1,29.5247,-98.4701,0,11,1700321437,219
32e1e7f1,29.5247,-98.4701,0,11,1700321437,219
32e1e7f1,29.5247,-98.4701,0,11,1700321437,219
32e1e7f1,29.5247,-98.4701,0,11,1700321437,219
32e1e7f1,29.5247,-98.4701,0,11,1700321437,219
32e1e7f1,29.5247,-98.4701,0,11,1700321437,219
32e1e7f1,29.5247,-98.4701,0,11,1700321437,219
32e1e7f1,29.5247,-98.4701,0,11,1700321437,219
32e1e7f1,29.5247,-98.4701,0,11,1700321437,219
32e1e7f1,29.5247,-98.4701,0,11,1700321437,219
32e1e7f1,29.5247,-98.4701,0,11,1700321437,219
32e1e7f1,29.524,-98.4706,0,0,1700321457,180
32e1e7f1,29.524,-98.4706,0,0,1700321457,180
32e1e7f1,29.524,-98.4706,0,0,1700321457,180
32e1e7f1,29.524,-98.4706,0,0,1700321457,180
32e1e7f1,29.524,-98.4706,0,0,1700321457,180
32e1e7f1,29.524,-98.4706,0,0,1700321457,180
32e1e7f1,29.524,-98.4706,0,0,1700321457,180
32e1e7f1,29.524,-98.4706,0,0,1700321457,180
32e1e7f1,29.524,-98.4706,0,0,1700321457,180
32e1e7f1,29.524,-98.4706,0,0,1700321457,180
32e1e7f1,29.524,-98.4706,0,0,1700321457,180
32e1e7f1,29.524,-98.4706,0,0,1700321457,180
32e1e7f1,29.524,-98.4706,0,0,1700321457,180
32e1e7f1,29.524,-98.4706,0,0,1700321457,180
32e1e7f1,29.524,-98.4706,0,0,1700321457,180
32e1e7f1,29.524,-98.4706,0,0,1700321457,180
32e1e7f1,29.524,-98.4706,0,0,1700321457,180
32e1e7f1,29.524,-98.4706,0,0,1700321457,180
32e1e7f1,29.524,-98.4706,0,0,1700321457,180
32e1e7f1,29.524,-98.4706,0,0,1700321457,180
32e1e7f1,29.524,-98.4706,0,0,1700321457,180
32e1e7f1,29.524,-98.4706,0,0,1700321457,180
32e1e7f1,29.524,-98.4706,0,0,1700321457,180
32e1e7f1,29.524,-98.4706,0,0,1700321457,180
32e1e7f1,29.524,-98.4706,0,0,1700321457,180
32e1e7f1,29.524,-98.4706,0,0,1700321457,180
32e1e7f1,29.524,-98.4706,0,0,1700321457,180
32e1e7f1,29.524,-98.4706,0,0,1700321457,180
32e1e7f1,29.5237,-98.4703,0,11,1700321468,132
32e1e7f1,29.5237,-98.4703,0,11,1700321468,132
32e1e7f1,29.5237,-98.4703,0,11,1700321468,132
32e1e7f1,29.5237,-98.4703,0,11,1700321468,132
32e1e7f1,29.5237,-98.4703,0,11,1700321468,132
32e1e7f1,29.5237,-98.4703,0,11,1700321468,132
32e1e7f1,29.5235,-98.4701,0,10,1700321472,129
32e1e7f1,29.5235,-98.4701,0,10,1700321472,129
32e1e7f1,29.5235,-98.4701,0,10,1700321472,129
32e1e7f1,29.5235,-98.4701,0,10,1700321472,129
32e1e7f1,29.5235,-98.4701,0,10,1700321472,129
32e1e7f1,29.5235,-98.4701,0,10,1700321472,129
32e1e7f1,29.5234,-98.4699,0,9,1700321476,123
32e1e7f1,29.5234,-98.4699,0,9,1700321476,123
32e1e7f1,29.5234,-98.4699,0,9,1700321476,123
32e1e7f1,29.5234,-98.4699,0,9,1700321476,123
32e1e7f1,29.5234,-98.4699,0,9,1700321476,123
32e1e7f1,29.5234,-98.4699,0,9,1700321476,123
32e1e7f1,29.5234,-98.4698,0,6,1700321480,98
32e1e7f1,29.5234,-98.4698,0,6,1700321480,98
32e1e7f1,29.5234,-98.4698,0,6,1700321480,98
32e1e7f1,29.5234,-98.4698,0,6,1700321480,98
32e1e7f1,29.5234,-98.4698,0,6,1700321480,98
32e1e7f1,29.5234,-98.4698,0,6,1700321480,98
32e1e7f1,29.5234,-98.4698,0,6,1700321480,98
32e1e7f1,29.5234,-98.4698,0,6,1700321480,98
32e1e7f1,29.5235,-98.4697,0,5,1700321485,56
32e1e7f1,29.5235,-98.4697,0,5,1700321485,56
32e1e7f1,29.5235,-98.4697,0,5,1700321485,56
32e1e7f1,29.5235,-98.4697,0,5,1700321485,56
32e1e7f1,29.5235,-98.4697,0,5,1700321485,56
32e1e7f1,29.5235,-98.4697,0,5,1700321485,56
32e1e7f1,29.5235,-98.4696,0,3,1700321489,42
32e1e7f1,29.5235,-98.4696,0,3,1700321489,42
32e1e7f1,29.5235,-98.4696,0,3,1700321489,42
32e1e7f1,29.5235,-98.4696,0,3,1700321489,42
32e1e7f1,29.5235,-98.4696,0,3,1700321489,42
32e1e7f1,29.5235,-98.4696,0,3,1700321489,42
32e1e7f1,29.5235,-98.4696,0,0,1700321493,39
32e1e7f1,29.5235,-98.4696,0,0,1700321493,39
32e1e7f1,29.5235,-98.4696,0,0,1700321493,39
32e1e7f1,29.5235,-98.4696,0,0,1700321493,39
32e1e7f1,29.5235,-98.4696,0,0,1700321493,39
32e1e7f1,29.5235,-98.4696,0,0,1700321493,39
32e1e7f1,29.5235,-98.4696,0,0,1700321497,39
32e1e7f1,29.5235,-98.4696,0,0,1700321497,39
32e1e7f1,29.5235,-98.4696,0,0,1700321497,39
32e1e7f1,29.5235,-98.4696,0,0,1700321497,39
32e1e7f1,29.5235,-98.4696,0,0,1700321497,39
32e1e7f1,29.5235,-98.4696,0,0,1700321497,39
32e1e7f1,29.5235,-98.4696,0,0,1700321497,39
32e1e7f1,29.5235,-98.4696,0,0,1700321497,39
32e1e7f1,29.5235,-98.4696,0,0,1700321501,39
32e1e7f1,29.5235,-98.4696,0,0,1700321501,39
32e1e7f1,29.5235,-98.4696,0,0,1700321501,39
32e1e7f1,29.5235,-98.4696,0,0,1700321501,39
32e1e7f1,29.5235,-98.4696,0,0,1700321501,39
32e1e7f1,29.5235,-98.4696,0,0,1700321501,39
32e1e7f1,29.5235,-98.4696,0,0,1700321505,39
32e1e7f1,29.5235,-98.4696,0,0,1700321505,39
32e1e7f1,29.5235,-98.4696,0,0,1700321505,39
32e1e7f1,29.5235,-98.4696,0,0,1700321505,39
32e1e7f1,29.5235,-98.4696,0,0,1700321505,39
32e1e7f1,29.5235,-98.4696,0,0,1700321505,39
32e1e7f1,29.5235,-98.4696,0,0,1700321509,39
32e1e7f1,29.5235,-98.4696,0,0,1700321509,39
32e1e7f1,29.5235,-98.4696,0,0,1700321509,39
32e1e7f1,29.5235,-98.4696,0,0,1700321509,39
32e1e7f1,29.5235,-98.4696,0,0,1700321509,39
32e1e7f1,29.5235,-98.4696,0,0,1700321509,39
32e1e7f1,29.5235,-98.4696,0,0,1700321512,39
32e1e7f1,29.5235,-98.4696,0,0,1700321512,39
32e1e7f1,29.5235,-98.4696,0,0,1700321512,39
32e1e7f1,29.5235,-98.4696,0,0,1700321512,39
32e1e7f1,29.5235,-98.4696,0,0,1700321512,39
32e1e7f1,29.5235,-98.4696,0,0,1700321512,39
32e1e7f1,29.5235,-98.4696,0,0,1700321513,39
32e1e7f1,29.5235,-98.4696,0,0,1700321513,39
32e1e7f1,29.5235,-98.4696,0,0,1700321513,39
32e1e7f1,29.5235,-98.4696,0,0,1700321513,39
32e1e7f1,29.5235,-98.4696,0,0,1700321513,39
32e1e7f1,29.5235,-98.4696,0,0,1700321513,39
32e1e7f1,29.5235,-98.4696,0,0,1700321513,39
32e1e7f1,29.5235,-98.4696,0,0,1700321513,39
32e1e7f1,29.5235,-98.4696,0,0,1700321518,39
32e1e7f1,29.5235,-98.4696,0,0,1700321518,39
32e1e7f1,29.5235,-98.4696,0,0,1700321518,39
32e1e7f1,29.5235,-98.4696,0,0,1700321518,39
32e1e7f1,29.5235,-98.4696,0,0,1700321518,39
32e1e7f1,29.5235,-98.4696,0,0,1700321518,39
32e1e7f1,29.5235,-98.4696,0,0,1700321523,39
32e1e7f1,29.5235,-98.4696,0,0,1700321523,39
32e1e7f1,29.5235,-98.4696,0,0,1700321523,39
32e1e7f1,29.5235,-98.4696,0,0,1700321523,39
32e1e7f1,29.5235,-98.4696,0,0,1700321523,39
32e1e7f1,29.5235,-98.4696,0,0,1700321523,39
32e1e7f1,29.5235,-98.4696,0,0,1700321528,39
32e1e7f1,29.5235,-98.4696,0,0,1700321528,39
32e1e7f1,29.5235,-98.4696,0,0,1700321528,39
32e1e7f1,29.5235,-98.4696,0,0,1700321528,39
32e1e7f1,29.5235,-98.4696,0,0,1700321528,39
32e1e7f1,29.5235,-98.4696,0,0,1700321528,39
32e1e7f1,29.5235,-98.4696,0,0,1700321533,39
32e1e7f1,29.5235,-98.4696,0,0,1700321533,39
32e1e7f1,29.5235,-98.4696,0,0,1700321533,39
32e1e7f1,29.5235,-98.4696,0,0,1700321533,39
32e1e7f1,29.5235,-98.4696,0,0,1700321533,39
32e1e7f1,29.5235,-98.4696,0,0,1700321533,39
32e1e7f1,29.5235,-98.4696,0,0,1700321533,39
32e1e7f1,29.5235,-98.4696,0,0,1700321533,39
32e1e7f1,29.5235,-98.4696,0,0,1700321533,39
32e1e7f1,29.5235,-98.4696,0,0,1700321533,39
32e1e7f1,29.5235,-98.4696,0,0,1700321533,39
32e1e7f1,29.5235,-98.4696,0,0,1700321533,39
32e1e7f1,29.5235,-98.4696,0,0,1700321533,39
32e1e7f1,29.5235,-98.4696,0,0,1700321533,39
32e1e7f1,29.5235,-98.4696,0,0,1700321538,39
32e1e7f1,29.5235,-98.4696,0,0,1700321538,39
32e1e7f1,29.5235,-98.4696,0,0,1700321538,39
32e1e7f1,29.5235,-98.4696,0,0,1700321538,39
32e1e7f1,29.5235,-98.4696,0,0,1700321538,39
32e1e7f1,29.5235,-98.4696,0,0,1700321538,39
32e1e7f1,29.5235,-98.4696,0,0,1700321543,39
32e1e7f1,29.5235,-98.4696,0,0,1700321543,39
32e1e7f1,29.5235,-98.4696,0,0,1700321543,39
32e1e7f1,29.5235,-98.4696,0,0,1700321543,39
32e1e7f1,29.5235,-98.4696,0,0,1700321543,39
32e1e7f1,29.5235,-98.4696,0,0,1700321543,39
32e1e7f1,29.5235,-98.4696,0,0,1700321548,39
32e1e7f1,29.5235,-98.4696,0,0,1700321548,39
32e1e7f1,29.5235,-98.4696,0,0,1700321548,39
32e1e7f1,29.5235,-98.4696,0,0,1700321548,39
32e1e7f1,29.5235,-98.4696,0,0,1700321548,39
32e1e7f1,29.5235,-98.4696,0,0,1700321548,39
32e1e7f1,29.5235,-98.4696,0,0,1700321553,39
32e1e7f1,29.5235,-98.4696,0,0,1700321553,39
32e1e7f1,29.5235,-98.4696,0,0,1700321553,39
32e1e7f1,29.5235,-98.4696,0,0,1700321553,39
32e1e7f1,29.5235,-98.4696,0,0,1700321553,39
32e1e7f1,29.5235,-98.4696,0,0,1700321553,39
32e1e7f1,29.5235,-98.4696,0,0,1700321553,39
32e1e7f1,29.5235,-98.4696,0,0,1700321553,39
32e1e7f1,29.5235,-98.4696,0,0,1700321553,39
32e1e7f1,29.5235,-98.4696,0,0,1700321553,39
32e1e7f1,29.5235,-98.4696,0,0,1700321553,39
32e1e7f1,29.5235,-98.4696,0,0,1700321553,39
32e1e7f1,29.5235,-98.4696,0,0,1700321553,39
32e1e7f1,29.5235,-98.4696,0,0,1700321553,39
32e1e7f1,29.5235,-98.4696,0,0,1700321558,39
32e1e7f1,29.5235,-98.4696,0,0,1700321558,39
32e1e7f1,29.5235,-98.4696,0,0,1700321558,39
32e1e7f1,29.5235,-98.4696,0,0,1700321558,39
32e1e7f1,29.5235,-98.4696,0,0,1700321558,39
32e1e7f1,29.5235,-98.4696,0,0,1700321558,39
32e1e7f1,29.5235,-98.4696,0,0,1700321563,39
32e1e7f1,29.5235,-98.4696,0,0,1700321563,39
32e1e7f1,29.5235,-98.4696,0,0,1700321563,39
32e1e7f1,29.5235,-98.4696,0,0,1700321563,39
32e1e7f1,29.5235,-98.4696,0,0,1700321563,39
32e1e7f1,29.5235,-98.4696,0,0,1700321563,39
32e1e7f1,29.5235,-98.4696,0,0,1700321568,39
32e1e7f1,29.5235,-98.4696,0,0,1700321568,39
32e1e7f1,29.5235,-98.4696,0,0,1700321568,39
32e1e7f1,29.5235,-98.4696,0,0,1700321568,39
32e1e7f1,29.5235,-98.4696,0,0,1700321568,39
32e1e7f1,29.5235,-98.4696,0,0,1700321568,39
32e1e7f1,29.5235,-98.4696,0,0,1700321568,39
32e1e7f1,29.5235,-98.4696,0,0,1700321568,39
32e1e7f1,29.5235,-98.4696,0,0,1700321568,39
32e1e7f1,29.5235,-98.4696,0,0,1700321568,39
32e1e7f1,29.5235,-98.4696,0,0,1700321568,39
32e1e7f1,29.5235,-98.4696,0,0,1700321568,39
32e1e7f1,29.5235,-98.4696,0,0,1700321568,39
32e1e7f1,29.5235,-98.4696,0,0,1700321568,39
32e1e7f1,29.5236,-98.4696,0,7,1700321577,42
32e1e7f1,29.5236,-98.4696,0,7,1700321577,42
32e1e7f1,29.5236,-98.4696,0,7,1700321577,42
32e1e7f1,29.5236,-98.4696,0,7,1700321577,42
32e1e7f1,29.5236,-98.4696,0,7,1700321577,42
32e1e7f1,29.5236,-98.4696,0,7,1700321577,42
32e1e7f1,29.5239,-98.4693,0,25,1700321581,39
32e1e7f1,29.5239,-98.4693,0,25,1700321581,39
32e1e7f1,29.5239,-98.4693,0,25,1700321581,39
32e1e7f1,29.5239,-98.4693,0,25,1700321581,39
32e1e7f1,29.5239,-98.4693,0,25,1700321581,39
32e1e7f1,29.5239,-98.4693,0,25,1700321581,39
32e1e7f1,29.5243,-98.4688,0,39,1700321584,39
32e1e7f1,29.5243,-98.4688,0,39,1700321584,39
32e1e7f1,29.5243,-98.4688,0,39,1700321584,39
32e1e7f1,29.5243,-98.4688,0,39,1700321584,39
32e1e7f1,29.5243,-98.4688,0,39,1700321584,39
32e1e7f1,29.5243,-98.4688,0,39,1700321584,39
32e1e7f1,29.5243,-98.4688,0,39,1700321584,39
32e1e7f1,29.5243,-98.4688,0,39,1700321584,39
32e1e7f1,29.5252,-98.4679,0,62,1700321589,42
32e1e7f1,29.5252,-98.4679,0,62,1700321589,42
32e1e7f1,29.5252,-98.4679,0,62,1700321589,42
32e1e7f1,29.5252,-98.4679,0,62,1700321589,42
32e1e7f1,29.5264,-98.4668,0,78,1700321593,39
32e1e7f1,29.5264,-98.4668,0,78,1700321593,39
32e1e7f1,29.5264,-98.4668,0,78,1700321593,39
32e1e7f1,29.5267,-98.4665,0,84,1700321594,39
32e1e7f1,29.5267,-98.4665,0,84,1700321594,39
32e1e7f1,29.5267,-98.4665,0,84,1700321594,39
32e1ef33,30.4029,-97.5727,675,137,1700321601,312
32e1ef33,30.4029,-97.5727,675,137,1700321601,312
32e1ef33,30.4029,-97.5727,675,137,1700321601,312
32e1ef33,30.4042,-97.5744,775,139,1700321604,311
32e1ef33,30.4042,-97.5744,775,139,1700321604,311
32e1ef33,30.4042,-97.5744,775,139,1700321604,311
32e1ef33,30.4055,-97.5761,900,141,1700321607,310
32e1ef33,30.4055,-97.5761,900,141,1700321607,310
32e1ef33,30.4055,-97.5761,900,141,1700321607,310
32e1ef33,30.4055,-97.5761,900,141,1700321607,310
32e1ef33,30.4081,-97.5798,1150,146,1700321613,310
32e1ef33,30.4081,-97.5798,1150,146,1700321613,310
32e1ef33,30.4081,-97.5798,1150,146,1700321613,310
32e1ef33,30.4094,-97.5815,1225,149,1700321616,310
32e1ef33,30.4094,-97.5815,1225,149,1700321616,310
32e1ef33,30.4094,-97.5815,1225,149,1700321616,310
32e1ef33,30.4108,-97.5835,1350,152,1700321619,309
32e1ef33,30.4108,-97.5835,1350,152,1700321619,309
32e1ef33,30.4108,-97.5835,1350,152,1700321619,309
32e1ef33,30.4122,-97.5854,1425,155,1700321623,309
32e1ef33,30.4122,-97.5854,1425,155,1700321623,309
32e1ef33,30.4122,-97.5854,1425,155,1700321623,309
32e1ef33,30.4122,-97.5854,1425,155,1700321623,309
32e1ef33,30.4151,-97.5895,1700,157,1700321629,308
32e1ef33,30.4151,-97.5895,1700,157,1700321629,308
32e1ef33,30.4151,-97.5895,1700,157,1700321629,308
32e1ef33,30.4165,-97.5915,1775,161,1700321631,308
32e1ef33,30.4165,-97.5915,1775,161,1700321631,308
32e1ef33,30.4165,-97.5915,1775,161,1700321631,308
32e1ef33,30.4179,-97.5935,1875,164,1700321634,308
32e1ef33,30.4179,-97.5935,1875,164,1700321634,308
32e1ef33,30.4179,-97.5935,1875,164,1700321634,308
32e1ef33,30.4208,-97.5977,2075,167,1700321640,309
32e1ef33,30.4208,-97.5977,2075,167,1700321640,309
32e1ef33,30.4208,-97.5977,2075,167,1700321640,309
32e1ef33,30.4224,-97.6,2175,170,1700321644,308
32e1ef33,30.4224,-97.6,2175,170,1700321644,308
32e1ef33,30.4224,-97.6,2175,170,1700321644,308
32e1ef33,30.4224,-97.6,2175,170,1700321644,308
32e1ef33,30.4238,-97.602,2300,171,1700321647,308
32e1ef33,30.4238,-97.602,2300,171,1700321647,308
32e1ef33,30.4238,-97.602,2300,171,1700321647,308
32e1ef33,30.4269,-97.6065,2525,172,1700321653,308
32e1ef33,30.4269,-97.6065,2525,172,1700321653,308
32e1ef33,30.4269,-97.6065,2525,172,1700321653,308
32e1ef33,30.4284,-97.6086,2650,173,1700321656,308
32e1ef33,30.4284,-97.6086,2650,173,1700321656,308
32e1ef33,30.4284,-97.6086,2650,173,1700321656,308
32e1ef33,30.4298,-97.6107,2775,175,1700321659,308
32e1ef33,30.4298,-97.6107,2775,175,1700321659,308
32e1ef33,30.4298,-97.6107,2775,175,1700321659,308
32e1ef33,30.4329,-97.6152,2900,184,1700321664,308
32e1ef33,30.4329,-97.6152,2900,184,1700321664,308
32e1ef33,30.4329,-97.6152,2900,184,1700321664,308
32e1ef33,30.4329,-97.6152,2900,184,1700321664,308
32e1ef33,30.4347,-97.6177,2950,189,1700321668,309
32e1ef33,30.4347,-97.6177,2950,189,1700321668,309
32e1ef33,30.4347,-97.6177,2950,189,1700321668,309
32e1ef33,30.4364,-97.6199,2975,194,1700321671,309
32e1ef33,30.4364,-97.6199,2975,194,1700321671,309
32e1ef33,30.4364,-97.6199,2975,194,1700321671,309
32e1ef33,30.4403,-97.6254,2950,210,1700321677,309
32e1ef33,30.4403,-97.6254,2950,210,1700321677,309
32e1ef33,30.4403,-97.6254,2950,210,1700321677,309
32e1ef33,30.4422,-97.6282,2925,215,1700321680,308
32e1ef33,30.4422,-97.6282,2925,215,1700321680,308
32e1ef33,30.4422,-97.6282,2925,215,1700321680,308
32e1ef33,30.4422,-97.6282,2925,215,1700321680,308
32e1ef33,30.444,-97.6309,2975,218,1700321683,307
32e1ef33,30.444,-97.6309,2975,218,1700321683,307
32e1ef33,30.444,-97.6309,2975,218,1700321683,307
32e1ef33,30.444,-97.6309,2975,218,1700321683,307
32e1ef33,30.444,-97.6309,2975,218,1700321683,307
32e1ef33,30.444,-97.6309,2975,218,1700321683,307
32e1ef33,30.4476,-97.6362,3150,214,1700321689,307
32e1ef33,30.4476,-97.6362,3150,214,1700321689,307
32e1ef33,30.4476,-97.6362,3150,214,1700321689,307
32e1ef33,30.4476,-97.6362,3150,214,1700321689,307
32e1ef33,30.4476,-97.6362,3150,214,1700321689,307
32e1ef33,30.4476,-97.6362,3150,214,1700321689,307
32e1ef33,30.4493,-97.6386,3275,214,1700321692,308
32e1ef33,30.4493,-97.6386,3275,214,1700321692,308
32e1ef33,30.4493,-97.6386,3275,214,1700321692,308
32e1ef33,30.4493,-97.6386,3275,214,1700321692,308
32e1ef33,30.4493,-97.6386,3275,214,1700321692,308
32e1ef33,30.4493,-97.6386,3275,214,1700321692,308
32e1ef33,30.4514,-97.6417,3425,213,1700321695,309
32e1ef33,30.4514,-97.6417,3425,213,1700321695,309
32e1ef33,30.4514,-97.6417,3425,213,1700321695,309
32e1ef33,30.4514,-97.6417,3425,213,1700321695,309
32e1ef33,30.4514,-97.6417,3425,213,1700321695,309
32e1ef33,30.4514,-97.6417,3425,213,1700321695,309
32e1ef33,30.4514,-97.6417,3425,213,1700321695,309
32e1ef33,30.4514,-97.6417,3425,213,1700321695,309
32e1ef33,30.4533,-97.6445,3550,213,1700321698,305
32e1ef33,30.4533,-97.6445,3550,213,1700321698,305
32e1ef33,30.4533,-97.6445,3550,213,1700321698,305
32e1ef33,30.4533,-97.6445,3550,213,1700321698,305
32e1ef33,30.4533,-97.6445,3550,213,1700321698,305
32e1ef33,30.4533,-97.6445,3550,213,1700321698,305
32e1ef33,30.4561,-97.6506,3725,214,1700321704,292
32e1ef33,30.4561,-97.6506,3725,214,1700321704,292
32e1ef33,30.4561,-97.6506,3725,214,1700321704,292
32e1ef33,30.457,-97.6538,3850,213,1700321707,286
32e1ef33,30.457,-97.6538,3850,213,1700321707,286
32e1ef33,30.457,-97.6538,3850,213,1700321707,286
32e1ef33,30.4576,-97.6572,3950,213,1700321710,279
32e1ef33,30.4576,-97.6572,3950,213,1700321710,279
32e1ef33,30.4576,-97.6572,3950,213,1700321710,279
32e1ef33,30.4576,-97.6572,3950,213,1700321710,279
32e1ef33,30.458,-97.6643,4200,214,1700321716,269
32e1ef33,30.458,-97.6643,4200,214,1700321716,269
32e1ef33,30.458,-97.6643,4200,214,1700321716,269
32e1ef33,30.4579,-97.6674,4300,213,1700321719,267
32e1ef33,30.4579,-97.6674,4300,213,1700321719,267
32e1ef33,30.4579,-97.6674,4300,213,1700321719,267
32e1ef33,30.4577,-97.6713,4400,213,1700321723,266
32e1ef33,30.4577,-97.6713,4400,213,1700321723,266
32e1ef33,30.4577,-97.6713,4400,213,1700321723,266
32e1ef33,30.4572,-97.6779,4600,214,1700321728,263
32e1ef33,30.4572,-97.6779,4600,214,1700321728,263
32e1ef33,30.4572,-97.6779,4600,214,1700321728,263
32e1ef33,30.4572,-97.6779,4600,214,1700321728,263
32e1ef33,30.4568,-97.6814,4700,215,1700321731,262
32e1ef33,30.4568,-97.6814,4700,215,1700321731,262
32e1ef33,30.4568,-97.6814,4700,215,1700321731,262
32e1ef33,30.4564,-97.685,4800,215,1700321734,262
32e1ef33,30.4564,-97.685,4800,215,1700321734,262
32e1ef33,30.4564,-97.685,4800,215,1700321734,262
32e1ef33,30.4555,-97.6917,5000,217,1700321740,261
32e1ef33,30.4555,-97.6917,5000,217,1700321740,261
32e1ef33,30.4555,-97.6917,5000,217,1700321740,261
32e1ef33,30.4551,-97.6953,5125,217,1700321744,261
32e1ef33,30.4551,-97.6953,5125,217,1700321744,261
32e1ef33,30.4551,-97.6953,5125,217,1700321744,261
32e1ef33,30.4551,-97.6953,5125,217,1700321744,261
32e1ef33,30.4546,-97.6991,5225,217,1700321747,260
32e1ef33,30.4546,-97.6991,5225,217,1700321747,260
32e1ef33,30.4546,-97.6991,5225,217,1700321747,260
32e1ef33,30.4536,-97.7059,5425,218,1700321753,260
32e1ef33,30.4536,-97.7059,5425,218,1700321753,260
32e1ef33,30.4536,-97.7059,5425,218,1700321753,260
32e1ef33,30.4531,-97.7095,5525,218,1700321756,260
32e1ef33,30.4531,-97.7095,5525,218,1700321756,260
32e1ef33,30.4531,-97.7095,5525,218,1700321756,260
32e1ef33,30.4525,-97.7131,5625,218,1700321759,260
32e1ef33,30.4525,-97.7131,5625,218,1700321759,260
32e1ef33,30.4525,-97.7131,5625,218,1700321759,260
32e1ef33,30.4525,-97.7131,5625,218,1700321759,260
32e1ef33,30.4515,-97.7201,5800,223,1700321765,260
32e1ef33,30.4515,-97.7201,5800,223,1700321765,260
32e1ef33,30.4515,-97.7201,5800,223,1700321765,260
32e1ef33,30.451,-97.7236,5825,227,1700321768,260
32e1ef33,30.451,-97.7236,5825,227,1700321768,260
32e1ef33,30.451,-97.7236,5825,227,1700321768,260
32e1ef33,30.4505,-97.7272,5850,230,1700321771,260
32e1ef33,30.4505,-97.7272,5850,230,1700321771,260
32e1ef33,30.4505,-97.7272,5850,230,1700321771,260
32e1ef33,30.4494,-97.7348,5875,238,1700321777,260
32e1ef33,30.4494,-97.7348,5875,238,1700321777,260
32e1ef33,30.4494,-97.7348,5875,238,1700321777,260
32e1ef33,30.4488,-97.7386,5875,242,1700321780,260
32e1ef33,30.4488,-97.7386,5875,242,1700321780,260
32e1ef33,30.4488,-97.7386,5875,242,1700321780,260
32e1ef33,30.4488,-97.7386,5875,242,1700321780,260
32e1ef33,30.4483,-97.7423,5850,246,1700321783,260
32e1ef33,30.4483,-97.7423,5850,246,1700321783,260
32e1ef33,30.4483,-97.7423,5850,246,1700321783,260
32e1ef33,30.4471,-97.7507,5850,253,1700321789,260
32e1ef33,30.4471,-97.7507,5850,253,1700321789,260
32e1ef33,30.4471,-97.7507,5850,253,1700321789,260
32e1ef33,30.4464,-97.755,5850,256,1700321792,260
32e1ef33,30.4464,-97.755,5850,256,1700321792,260
32e1ef33,30.4464,-97.755,5850,256,1700321792,260
32e1ef33,30.4459,-97.7589,5850,258,1700321795,260
32e1ef33,30.4459,-97.7589,5850,258,1700321795,260
32e1ef33,30.4459,-97.7589,5850,258,1700321795,260
32e1ef33,30.4459,-97.7589,5850,258,1700321795,260
32e1ef33,30.4452,-97.7632,5850,261,1700321798,260
32e1ef33,30.4452,-97.7632,5850,261,1700321798,260
32e1ef33,30.4452,-97.7632,5850,261,1700321798,260
32e1ef33,30.444,-97.7713,5825,265,1700321804,260
32e1ef33,30.444,-97.7713,5825,265,1700321804,260
32e1ef33,30.4433,-97.7757,5825,267,1700321807,259
32e1ef33,30.4433,-97.7757,5825,267,1700321807,259
32e1ef33,30.4433,-97.7757,5825,267,1700321807,259
32e1ef33,30.4426,-97.7799,5825,269,1700321810,256
32e1ef33,30.4426,-97.7799,5825,269,1700321810,256
32e1ef33,30.4426,-97.7799,5825,269,1700321810,256
32e1ef33,30.4426,-97.7799,5825,269,1700321810,256
32e1ef33,30.4397,-97.7884,5825,274,1700321816,244
32e1ef33,30.4397,-97.7884,5825,274,1700321816,244
32e1ef33,30.4397,-97.7884,5825,274,1700321816,244
32e1ef33,30.4379,-97.7922,5825,276,1700321819,239
32e1ef33,30.4379,-97.7922,5825,276,1700321819,239
32e1ef33,30.4379,-97.7922,5825,276,1700321819,239
32e1ef33,30.4357,-97.796,5825,277,1700321822,235
32e1ef33,30.4357,-97.796,5825,277,1700321822,235
32e1ef33,30.4357,-97.796,5825,277,1700321822,235
32e1ef33,30.4304,-97.803,5825,280,1700321829,224
32e1ef33,30.4304,-97.803,5825,280,1700321829,224
32e1ef33,30.4304,-97.803,5825,280,1700321829,224
32e1ef33,30.4304,-97.803,5825,280,1700321829,224
32e1ef33,30.4275,-97.8059,5825,281,1700321832,219
32e1ef33,30.4275,-97.8059,5825,281,1700321832,219
32e1ef33,30.4275,-97.8059,5825,281,1700321832,219
32e1ef33,30.4245,-97.8085,5850,280,1700321835,214
32e1ef33,30.4245,-97.8085,5850,280,1700321835,214
32e1ef33,30.4245,-97.8085,5850,280,1700321835,214
32e1ef33,30.4173,-97.8129,6000,275,1700321841,203
32e1ef33,30.4173,-97.8129,6000,275,1700321841,203
32e1ef33,30.4173,-97.8129,6000,275,1700321841,203
32e1ef33,30.4138,-97.8145,6075,274,1700321844,199
32e1ef33,30.4138,-97.8145,6075,274,1700321844,199
32e1ef33,30.4138,-97.8145,6075,274,1700321844,199
32e1ef33,30.4102,-97.8158,6150,273,1700321847,196
32e1ef33,30.4102,-97.8158,6150,273,1700321847,196
32e1ef33,30.4102,-97.8158,6150,273,1700321847,196
32e1ef33,30.4027,-97.8181,6300,270,1700321853,194
32e1ef33,30.4027,-97.8181,6300,270,1700321853,194
32e1ef33,30.4027,-97.8181,6300,270,1700321853,194
32e1ef33,30.3994,-97.8191,6350,269,1700321856,194
32e1ef33,30.3994,-97.8191,6350,269,1700321856,194
32e1ef33,30.3994,-97.8191,6350,269,1700321856,194
32e1ef33,30.3958,-97.8202,6425,268,1700321859,193
32e1ef33,30.3958,-97.8202,6425,268,1700321859,193
32e1ef33,30.3958,-97.8202,6425,268,1700321859,193
32e1ef33,30.3958,-97.8202,6425,268,1700321859,193
32e1ef33,30.3886,-97.8222,6575,265,1700321865,193
32e1ef33,30.3886,-97.8222,6575,265,1700321865,193
32e1ef33,30.3886,-97.8222,6575,265,1700321865,193
32e1ef33,30.3849,-97.8232,6650,263,1700321868,193
32e1ef33,30.3849,-97.8232,6650,263,1700321868,193
32e1ef33,30.3849,-97.8232,6650,263,1700321868,193
32e1ef33,30.3814,-97.8243,6725,262,1700321871,194
32e1ef33,30.3814,-97.8243,6725,262,1700321871,194
32e1ef33,30.3743,-97.8264,6900,259,1700321877,194
32e1ef33,30.3743,-97.8264,6900,259,1700321877,194
32e1ef33,30.3743,-97.8264,6900,259,1700321877,194
32e1ef33,30.3743,-97.8264,6900,259,1700321877,194
32e1ef33,30.3703,-97.8275,6975,257,1700321880,194
32e1ef33,30.3703,-97.8275,6975,257,1700321880,194
32e1ef33,30.3703,-97.8275,6975,257,1700321880,194
32e1ef33,30.3672,-97.8285,7050,256,1700321883,194
32e1ef33,30.3672,-97.8285,7050,256,1700321883,194
32e1ef33,30.3672,-97.8285,7050,256,1700321883,194
32e1ef33,30.3599,-97.8308,7225,254,1700321889,195
32e1ef33,30.3599,-97.8308,7225,254,1700321889,195
32e1ef33,30.3599,-97.8308,7225,254,1700321889,195
32e1ef33,30.3566,-97.8319,7300,253,1700321892,196
32e1ef33,30.3566,-97.8319,7300,253,1700321892,196
32e1ef33,30.3566,-97.8319,7300,253,1700321892,196
32e1ef33,30.3566,-97.8319,7300,253,1700321892,196
32e1ef33,30.3531,-97.8331,7375,252,1700321895,196
32e1ef33,30.3531,-97.8331,7375,252,1700321895,196
32e1ef33,30.3531,-97.8331,7375,252,1700321895,196
32e1ef33,30.3496,-97.8343,7450,251,1700321898,196
32e1ef33,30.3496,-97.8343,7450,251,1700321898,196
32e1ef33,30.3496,-97.8343,7450,251,1700321898,196
32e1ef33,30.343,-97.8366,7600,251,1700321904,197
32e1ef33,30.343,-97.8366,7600,251,1700321904,197
32e1ef33,30.343,-97.8366,7600,251,1700321904,197
32e1ef33,30.3397,-97.8378,7675,250,1700321907,197
32e1ef33,30.3397,-97.8378,7675,250,1700321907,197
32e1ef33,30.3397,-97.8378,7675,250,1700321907,197
32e1ef33,30.3365,-97.839,7725,250,1700321910,197
32e1ef33,30.3365,-97.839,7725,250,1700321910,197
32e1ef33,30.3365,-97.839,7725,250,1700321910,197
32e1ef33,30.3365,-97.839,7725,250,1700321910,197
32e1ef33,30.3299,-97.8413,7800,252,1700321916,196
32e1ef33,30.3299,-97.8413,7800,252,1700321916,196
32e1ef33,30.3299,-97.8413,7800,252,1700321916,196
32e1ef33,30.3264,-97.8425,7850,254,1700321919,196
32e1ef33,30.3264,-97.8425,7850,254,1700321919,196
32e1ef33,30.3264,-97.8425,7850,254,1700321919,196
32e1ef33,30.3225,-97.8439,7850,257,1700321923,196
32e1ef33,30.3225,-97.8439,7850,257,1700321923,196
32e1ef33,30.3225,-97.8439,7850,257,1700321923,196
32e1ef33,30.3158,-97.8462,7875,261,1700321928,197
32e1ef33,30.3158,-97.8462,7875,261,1700321928,197
32e1ef33,30.3158,-97.8462,7875,261,1700321928,197
32e1ef33,30.3123,-97.8475,7850,264,1700321932,198
32e1ef33,30.3123,-97.8475,7850,264,1700321932,198
32e1ef33,30.3123,-97.8475,7850,264,1700321932,198
32e1ef33,30.3123,-97.8475,7850,264,1700321932,198
32e1ef33,30.3087,-97.8488,7850,266,1700321935,198
32e1ef33,30.3087,-97.8488,7850,266,1700321935,198
32e1ef33,30.3087,-97.8488,7850,266,1700321935,198
32e1f338,29.5287,-98.4728,0,0,1700321940,132
32e1f338,29.5287,-98.4728,0,0,1700321940,132
32e1f338,29.5287,-98.4728,0,0,1700321940,132
32e1f338,29.5287,-98.4728,0,0,1700321944,132
32e1f338,29.5287,-98.4728,0,0,1700321944,132
32e1f338,29.5287,-98.4728,0,0,1700321944,132
32e1f338,29.5287,-98.4728,0,0,1700321944,132
32e1f338,29.5287,-98.4728,0,0,1700321944,132
32e1f338,29.5287,-98.4728,0,0,1700321944,132
32e1f338,29.5287,-98.4728,0,0,1700321944,132
32e1f338,29.5287,-98.4728,0,0,1700321949,132
32e1f338,29.5287,-98.4728,0,0,1700321949,132
32e1f338,29.5287,-98.4728,0,0,1700321949,132
32e1f338,29.5287,-98.4728,0,0,1700321949,132
32e1f338,29.5287,-98.4728,0,0,1700321949,132
32e1f338,29.5287,-98.4728,0,0,1700321949,132
32e1f338,29.5287,-98.4728,0,0,1700321960,132
32e1f338,29.5287,-98.4728,0,0,1700321960,132
32e1f338,29.5287,-98.4728,0,0,1700321960,132
32e1f338,29.5287,-98.4728,0,0,1700321960,132
32e1f338,29.5287,-98.4728,0,0,1700321960,132
32e1f338,29.5287,-98.4728,0,0,1700321960,132
32e1f338,29.5287,-98.4728,0,0,1700321960,132
32e1f338,29.5287,-98.4728,0,0,1700321960,132
32e1f338,29.5287,-98.4728,0,0,1700321960,132
32e1f338,29.5287,-98.4729,0,0,1700321970,132
32e1f338,29.5287,-98.4729,0,0,1700321970,132
32e1f338,29.5287,-98.4729,0,0,1700321970,132
32e1f338,29.5287,-98.4728,0,0,1700321975,132
32e1f338,29.5287,-98.4728,0,0,1700321975,132
32e1f338,29.5287,-98.4728,0,0,1700321975,132
32e1f338,29.5287,-98.4728,0,0,1700321975,132
32e1f338,29.5287,-98.4728,0,0,1700321975,132
32e1f338,29.5287,-98.4728,0,0,1700321975,132
32e1f338,29.5287,-98.4728,0,0,1700321975,132
32e1f338,29.5287,-98.4728,0,0,1700321985,132
32e1f338,29.5287,-98.4728,0,0,1700321985,132
32e1f338,29.5287,-98.4728,0,0,1700321985,132
32e1f338,29.5287,-98.4728,0,0,1700321985,132
32e1f338,29.5287,-98.4728,0,0,1700321985,132
32e1f338,29.5287,-98.4728,0,0,1700321985,132
32e1f338,29.5287,-98.4728,0,0,1700321990,132
32e1f338,29.5287,-98.4728,0,0,1700321990,132
32e1f338,29.5287,-98.4728,0,0,1700321990,132
32e1f338,29.5287,-98.4728,0,0,1700321990,132
32e1f338,29.5287,-98.4728,0,0,1700321990,132
32e1f338,29.5287,-98.4728,0,0,1700321990,132
32e1f338,29.5287,-98.4728,0,0,1700321990,132
32e1f338,29.5287,-98.4728,0,0,1700321990,132
32e1f338,29.5287,-98.4728,0,0,1700321990,132
32e1f338,29.5287,-98.4728,0,0,1700321990,132
32e1f338,29.5287,-98.4728,0,0,1700321990,132
32e1f338,29.5287,-98.4728,0,0,1700321990,132
32e1f338,29.5288,-98.473,0,5,1700322009,140
32e1f338,29.5288,-98.473,0,5,1700322009,140
32e1f338,29.5288,-98.473,0,5,1700322009,140
32e1f338,29.5288,-98.473,0,5,1700322009,140
32e1f338,29.5289,-98.473,0,5,1700322011,140
32e1f338,29.5289,-98.473,0,5,1700322011,140
32e1f338,29.5289,-98.473,0,5,1700322011,140
32e1f338,29.5289,-98.4731,0,5,1700322014,143
32e1f338,29.5289,-98.4731,0,5,1700322014,143
32e1f338,29.5289,-98.4731,0,5,1700322014,143
32e1f338,29.5291,-98.4732,0,5,1700322021,143
32e1f338,29.5291,-98.4732,0,5,1700322021,143
32e1f338,29.5291,-98.4732,0,5,1700322021,143
32e1f338,29.5291,-98.4732,0,5,1700322025,135
32e1f338,29.5291,-98.4732,0,5,1700322025,135
32e1f338,29.5291,-98.4732,0,5,1700322025,135
32e1f338,29.5291,-98.4732,0,5,1700322025,135
32e1f338,29.5292,-98.4733,0,5,1700322029,106
32e1f338,29.5292,-98.4733,0,5,1700322029,106
32e1f338,29.5292,-98.4733,0,5,1700322029,106
32e1f459,29.5214,-98.4674,0,0,1700322033,80
32e1f459,29.5214,-98.4674,0,0,1700322033,80
32e1f459,29.5214,-98.4674,0,0,1700322033,80
32e1f459,29.5214,-98.4674,0,0,1700322033,80
32e1f459,29.5214,-98.4674,0,0,1700322033,80
32e1f459,29.5214,-98.4674,0,0,1700322033,80
32e1f459,29.5214,-98.4675,0,0,1700322037,80
32e1f459,29.5214,-98.4675,0,0,1700322037,80
32e1f459,29.5214,-98.4675,0,0,1700322037,80
32e1f459,29.5214,-98.4675,0,0,1700322037,80
32e1f459,29.5214,-98.4675,0,0,1700322037,80
32e1f459,29.5214,-98.4675,0,0,1700322037,80
32e1f459,29.5214,-98.4675,0,0,1700322037,80
32e1f459,29.5214,-98.4674,0,0,1700322047,62
32e1f459,29.5214,-98.4674,0,0,1700322047,62
32e1f459,29.5214,-98.4674,0,0,1700322047,62
32e1f459,29.5214,-98.4674,0,0,1700322047,62
32e1f459,29.5214,-98.4674,0,0,1700322047,62
32e1f459,29.5214,-98.4674,0,0,1700322047,62
32e1f459,29.5214,-98.4674,0,0,1700322047,62
32e1f459,29.5214,-98.4674,0,0,1700322047,62
32e1f459,29.5214,-98.4674,0,0,1700322047,62
32e1f459,29.5214,-98.4674,0,0,1700322047,62
32e1f459,29.5214,-98.4674,0,0,1700322047,62
32e1f459,29.5214,-98.4674,0,0,1700322047,62
32e1f459,29.5214,-98.4674,0,0,1700322047,62
32e1f459,29.5214,-98.4674,0,0,1700322047,62
32e1f459,29.5214,-98.4674,0,0,1700322047,62
32e1f459,29.5214,-98.4674,0,0,1700322047,62
32e1f459,29.5214,-98.4674,0,0,1700322047,62
32e1f459,29.5214,-98.4674,0,0,1700322047,62
32e1f459,29.5214,-98.4674,0,0,1700322047,62
32e1f459,29.5214,-98.4675,0,0,1700322072,42
32e1f459,29.5214,-98.4675,0,0,1700322072,42
32e1f459,29.5214,-98.4675,0,0,1700322072,42
32e1f459,29.5214,-98.4675,0,0,1700322072,42
32e1f459,29.5214,-98.4675,0,0,1700322072,42
32e1f459,29.5214,-98.4675,0,0,1700322072,42
32e1f459,29.5214,-98.4675,0,0,1700322072,42
32e1f459,29.5214,-98.4675,0,0,1700322077,42
32e1f459,29.5214,-98.4675,0,0,1700322077,42
32e1f459,29.5214,-98.4675,0,0,1700322077,42
32e1f459,29.5214,-98.4675,0,0,1700322082,42
32e1f459,29.5214,-98.4675,0,0,1700322082,42
32e1f459,29.5214,-98.4675,0,0,1700322082,42
32e1f459,29.5214,-98.4675,0,0,1700322088,42
32e1f459,29.5214,-98.4675,0,0,1700322088,42
32e1f459,29.5214,-98.4675,0,0,1700322088,42
32e1f459,29.5214,-98.4675,0,0,1700322088,42
32e1f459,29.5214,-98.4674,0,0,1700322093,42
32e1f459,29.5214,-98.4674,0,0,1700322093,42
32e1f459,29.5214,-98.4674,0,0,1700322093,42
32e1f459,29.5214,-98.4674,0,0,1700322093,42
32e1f459,29.5214,-98.4674,0,0,1700322093,42
32e1f459,29.5214,-98.4674,0,0,1700322093,42
32e1f459,29.5214,-98.4674,0,0,1700322098,42
32e1f459,29.5214,-98.4674,0,0,1700322098,42
32e1f459,29.5214,-98.4674,0,0,1700322098,42
32e1f459,29.5214,-98.4675,0,0,1700322103,42
32e1f459,29.5214,-98.4675,0,0,1700322103,42
32e1f459,29.5214,-98.4675,0,0,1700322103,42
32e1f459,29.5214,-98.4675,0,0,1700322103,42
32e1f459,29.5214,-98.4675,0,0,1700322108,42
32e1f459,29.5214,-98.4675,0,0,1700322108,42
32e1f459,29.5214,-98.4675,0,0,1700322108,42
32e1f459,29.5214,-98.4674,0,0,1700322113,42
32e1f459,29.5214,-98.4674,0,0,1700322113,42
32e1f459,29.5214,-98.4674,0,0,1700322113,42
32e1f459,29.5214,-98.4674,0,0,1700322113,42
32e1f459,29.5214,-98.4674,0,0,1700322113,42
32e1f459,29.5214,-98.4674,0,0,1700322113,42
32e1f459,29.5214,-98.4675,0,0,1700322118,42
32e1f459,29.5214,-98.4675,0,0,1700322118,42
32e1f459,29.5214,-98.4675,0,0,1700322118,42
32e1f459,29.5214,-98.4674,0,0,1700322123,42
32e1f459,29.5214,-98.4674,0,0,1700322123,42
32e1f459,29.5214,-98.4674,0,0,1700322123,42
32e1f459,29.5214,-98.4674,0,0,1700322123,42
32e1f459,29.5214,-98.4674,0,0,1700322123,42
32e1f459,29.5214,-98.4674,0,0,1700322123,42
32e1f459,29.5214,-98.4674,0,0,1700322123,42
32e1f459,29.5214,-98.4674,0,0,1700322123,42
32e1f459,29.5214,-98.4674,0,0,1700322123,42
32e1f459,29.5214,-98.4674,0,0,1700322123,42
32e1f459,29.5214,-98.4674,0,0,1700322133,42
32e1f459,29.5214,-98.4674,0,0,1700322133,42
32e1f459,29.5214,-98.4674,0,0,1700322133,42
32e1f459,29.5214,-98.4674,0,0,1700322138,42
32e1f459,29.5214,-98.4674,0,0,1700322138,42
32e1f459,29.5214,-98.4674,0,0,1700322138,42
32e1f459,29.5214,-98.4674,0,0,1700322138,42
32e1f459,29.5214,-98.4674,0,0,1700322143,42
32e1f459,29.5214,-98.4674,0,0,1700322143,42
32e1f459,29.5214,-98.4674,0,0,1700322143,42
32e1f459,29.5214,-98.4674,0,0,1700322148,42
32e1f459,29.5214,-98.4674,0,0,1700322148,42
32e1f459,29.5214,-98.4674,0,0,1700322148,42
32e1f459,29.5214,-98.4674,0,0,1700322153,42
32e1f459,29.5214,-98.4674,0,0,1700322153,42
32e1f459,29.5214,-98.4674,0,0,1700322153,42
32e1f459,29.5214,-98.4674,0,0,1700322153,42
32e1f459,29.5214,-98.4674,0,0,1700322153,42
32e1f459,29.5214,-98.4674,0,0,1700322153,42
32e1f459,29.5214,-98.4674,0,0,1700322153,42
32e1f459,29.5214,-98.4674,0,0,1700322158,42
32e1f459,29.5214,-98.4674,0,0,1700322158,42
32e1f459,29.5214,-98.4674,0,0,1700322158,42
32e1f459,29.5214,-98.4674,0,0,1700322163,42
32e1f459,29.5214,-98.4674,0,0,1700322163,42
32e1f459,29.5214,-98.4674,0,0,1700322163,42
32e1f459,29.5214,-98.4674,0,0,1700322168,42
32e1f459,29.5214,-98.4674,0,0,1700322168,42
32e1f459,29.5214,-98.4674,0,0,1700322168,42
32e1f459,29.5214,-98.4674,0,0,1700322168,42
32e1f459,29.5214,-98.4674,0,0,1700322168,42
32e1f459,29.5214,-98.4674,0,0,1700322168,42
32e1f459,29.5214,-98.4674,0,0,1700322168,42
32e1f459,29.5214,-98.4674,0,0,1700322173,42
32e1f459,29.5214,-98.4674,0,0,1700322173,42
32e1f459,29.5214,-98.4674,0,0,1700322173,42
32e1f459,29.5214,-98.4674,0,0,1700322178,42
32e1f459,29.5214,-98.4674,0,0,1700322178,42
32e1f459,29.5214,-98.4674,0,0,1700322178,42
32e1f459,29.5214,-98.4674,0,0,1700322184,42
32e1f459,29.5214,-98.4674,0,0,1700322184,42
32e1f459,29.5214,-98.4674,0,0,1700322184,42
32e1f459,29.5214,-98.4674,0,0,1700322189,42
32e1f459,29.5214,-98.4674,0,0,1700322189,42
32e1f459,29.5214,-98.4674,0,0,1700322189,42
32e1f459,29.5214,-98.4674,0,0,1700322189,42
32e1f459,29.5214,-98.4674,0,0,1700322767,36
32e1f459,29.5214,-98.4674,0,0,1700322767,36
32e1f459,29.5214,-98.4674,0,0,1700322767,36
32e1f459,29.5214,-98.4675,0,0,1700322771,39
32e1f459,29.5214,-98.4675,0,0,1700322771,39
32e1f459,29.5214,-98.4675,0,0,1700322771,39
32e1f459,29.5214,-98.4674,0,0,1700322776,39
32e1f459,29.5214,-98.4674,0,0,1700322776,39
32e1f459,29.5214,-98.4674,0,0,1700322776,39
32e1f459,29.5214,-98.4674,0,0,1700322776,39
32e1f459,29.5214,-98.4674,0,0,1700322776,39
32e1f459,29.5214,-98.4674,0,0,1700322776,39
32e1f459,29.5214,-98.4674,0,0,1700322776,39
32e1f459,29.5214,-98.4674,0,0,1700322782,39
32e1f459,29.5214,-98.4674,0,0,1700322782,39
32e1f459,29.5214,-98.4674,0,0,1700322782,39
32e1f459,29.5214,-98.4675,0,0,1700322787,39
32e1f459,29.5214,-98.4675,0,0,1700322787,39
32e1f459,29.5214,-98.4675,0,0,1700322787,39
32e1f459,29.5214,-98.4674,0,0,1700322791,39
32e1f459,29.5214,-98.4674,0,0,1700322791,39
32e1f459,29.5214,-98.4674,0,0,1700322791,39
32e1f459,29.5214,-98.4674,0,0,1700322791,39
32e1f459,29.5214,-98.4675,0,0,1700322796,39
32e1f459,29.5214,-98.4675,0,0,1700322796,39
32e1f459,29.5214,-98.4675,0,0,1700322796,39
32e1f459,29.5214,-98.4675,0,0,1700322796,39
32e1f459,29.5214,-98.4675,0,0,1700322796,39
32e1f459,29.5214,-98.4675,0,0,1700322796,39
32e1f459,29.5214,-98.4674,0,0,1700322801,39
32e1f459,29.5214,-98.4674,0,0,1700322801,39
32e1f459,29.5214,-98.4674,0,0,1700322801,39
32e1f459,29.5214,-98.4674,0,0,1700322806,39
32e1f459,29.5214,-98.4674,0,0,1700322806,39
32e1f459,29.5214,-98.4674,0,0,1700322806,39
32e1f459,29.5214,-98.4674,0,0,1700322806,39
32e1f459,29.5214,-98.4675,0,0,1700322811,39
32e1f459,29.5214,-98.4675,0,0,1700322811,39
32e1f459,29.5214,-98.4675,0,0,1700322811,39
32e1f459,29.5214,-98.4675,0,0,1700322816,39
32e1f459,29.5214,-98.4675,0,0,1700322816,39
32e1f459,29.5214,-98.4675,0,0,1700322816,39
32e1f459,29.5214,-98.4675,0,0,1700322816,39
32e1f459,29.5214,-98.4675,0,0,1700322816,39
32e1f459,29.5214,-98.4675,0,0,1700322816,39
32e1f459,29.5214,-98.4675,0,0,1700322816,39
32e1f459,29.5214,-98.4674,0,0,1700322821,39
32e1f459,29.5214,-98.4674,0,0,1700322821,39
32e1f459,29.5214,-98.4674,0,0,1700322821,39
32e1f459,29.5215,-98.4674,0,3,1700322829,36
32e1f459,29.5215,-98.4674,0,3,1700322829,36
32e1f459,29.5215,-98.4674,0,3,1700322829,36
32e1f459,29.5215,-98.4673,0,1,1700322833,28
32e1f459,29.5215,-98.4673,0,1,1700322833,28
32e1f459,29.5215,-98.4673,0,1,1700322833,28
32e1f459,29.5215,-98.4673,0,1,1700322837,28
32e1f459,29.5215,-98.4673,0,1,1700322837,28
32e1f459,29.5215,-98.4673,0,1,1700322837,28
32e1f459,29.5215,-98.4673,0,1,1700322837,28
32e1f459,29.5216,-98.4673,0,1,1700322840,28
32e1f459,29.5216,-98.4673,0,1,1700322840,28
32e1f459,29.5216,-98.4673,0,1,1700322840,28
32e1f459,29.5216,-98.4673,0,2,1700322845,28
32e1f459,29.5216,-98.4673,0,2,1700322845,28
32e1f459,29.5216,-98.4673,0,2,1700322845,28
32e1f459,29.5216,-98.4673,0,3,1700322849,36
32e1f459,29.5216,-98.4673,0,3,1700322849,36
32e1f459,29.5216,-98.4673,0,3,1700322849,36
32e1f459,29.5217,-98.4672,0,4,1700322853,45
32e1f459,29.5217,-98.4672,0,4,1700322853,45
32e1f459,29.5217,-98.4672,0,4,1700322853,45
32e1f459,29.5217,-98.4671,0,6,1700322857,47
32e1f459,29.5217,-98.4671,0,6,1700322857,47
32e1f459,29.5217,-98.4671,0,6,1700322857,47
32e1f459,29.5217,-98.4671,0,6,1700322857,47
32e1f459,29.5218,-98.4671,0,6,1700322861,19
32e1f459,29.5218,-98.4671,0,6,1700322861,19
32e1f459,29.5218,-98.4671,0,6,1700322861,19
32e1f459,29.5219,-98.4671,0,5,1700322864,354
32e1f459,29.5219,-98.4671,0,5,1700322864,354
32e1f459,29.5219,-98.4671,0,5,1700322864,354
32e1f459,29.522,-98.4672,0,5,1700322869,312
32e1f459,29.522,-98.4672,0,5,1700322869,312
32e1f459,29.522,-98.4672,0,5,1700322869,312
32e1f459,29.522,-98.4672,0,5,1700322870,306
32e1f459,29.522,-98.4672,0,5,1700322870,306
32e1f459,29.522,-98.4672,0,5,1700322870,306
32e1f459,29.522,-98.4674,0,6,1700322876,275
32e1f459,29.522,-98.4674,0,6,1700322876,275
32e1f459,29.522,-98.4674,0,6,1700322876,275
32e1f459,29.522,-98.4674,0,6,1700322876,275
32e1fa6c,28.4409,-81.3222,550,158,1700322880,360
32e1fa6c,28.4409,-81.3222,550,158,1700322880,360
32e1fa6c,28.4409,-81.3222,550,158,1700322880,360
32e1fa6c,28.4432,-81.3222,675,157,1700322883,359
32e1fa6c,28.4432,-81.3222,675,157,1700322883,359
32e1fa6c,28.4432,-81.3222,675,157,1700322883,359
32e1fa6c,28.4454,-81.3223,825,156,1700322887,359
32e1fa6c,28.4454,-81.3223,825,156,1700322887,359
32e1fa6c,28.4454,-81.3223,825,156,1700322887,359
32e1fa6c,28.4502,-81.3222,1100,154,1700322893,359
32e1fa6c,28.4502,-81.3222,1100,154,1700322893,359
32e1fa6c,28.4502,-81.3222,1100,154,1700322893,359
32e1fa6c,28.4523,-81.3222,1250,153,1700322896,1
32e1fa6c,28.4523,-81.3222,1250,153,1700322896,1
32e1fa6c,28.4523,-81.3222,1250,153,1700322896,1
32e1fa6c,28.4523,-81.3222,1250,153,1700322896,1
32e1fa6c,28.4544,-81.3222,1375,152,1700322899,1
32e1fa6c,28.4544,-81.3222,1375,152,1700322899,1
32e1fa6c,28.4544,-81.3222,1375,152,1700322899,1
32e1fa6c,28.4587,-81.3222,1625,151,1700322905,359
32e1fa6c,28.4587,-81.3222,1625,151,1700322905,359
32e1fa6c,28.4587,-81.3222,1625,151,1700322905,359
32e1fa6c,28.4612,-81.3223,1750,151,1700322908,358
32e1fa6c,28.4612,-81.3223,1750,151,1700322908,358
32e1fa6c,28.4612,-81.3223,1750,151,1700322908,358
32e1fa6c,28.4632,-81.3223,1875,150,1700322911,358
32e1fa6c,28.4632,-81.3223,1875,150,1700322911,358
32e1fa6c,28.4632,-81.3223,1875,150,1700322911,358
32e1fa6c,28.4632,-81.3223,1875,150,1700322911,358
32e1fa6c,28.4653,-81.3224,2000,149,1700322915,359
32e1fa6c,28.4653,-81.3224,2000,149,1700322915,359
32e1fa6c,28.4653,-81.3224,2000,149,1700322915,359
32e1fa6c,28.4697,-81.3224,2250,148,1700322921,358
32e1fa6c,28.4697,-81.3224,2250,148,1700322921,358
32e1fa6c,28.4697,-81.3224,2250,148,1700322921,358
32e1fa6c,28.4715,-81.3225,2325,149,1700322923,358
32e1fa6c,28.4715,-81.3225,2325,149,1700322923,358
32e1fa6c,28.4715,-81.3225,2325,149,1700322923,358
32e1fa6c,28.4738,-81.3226,2425,151,1700322927,358
32e1fa6c,28.4738,-81.3226,2425,151,1700322927,358
32e1fa6c,28.4738,-81.3226,2425,151,1700322927,358
32e1fa6c,28.4779,-81.3227,2600,153,1700322932,357
32e1fa6c,28.4779,-81.3227,2600,153,1700322932,357
32e1fa6c,28.4779,-81.3227,2600,153,1700322932,357
32e1fa6c,28.4779,-81.3227,2600,153,1700322932,357
32e1fa6c,28.4802,-81.3228,2700,156,1700322936,358
32e1fa6c,28.4802,-81.3228,2700,156,1700322936,358
32e1fa6c,28.4802,-81.3228,2700,156,1700322936,358
32e1fa6c,28.4825,-81.3229,2800,158,1700322939,358
32e1fa6c,28.4825,-81.3229,2800,158,1700322939,358
32e1fa6c,28.4825,-81.3229,2800,158,1700322939,358
32e1fa6c,28.4868,-81.323,2950,161,1700322945,358
32e1fa6c,28.4868,-81.323,2950,161,1700322945,358
32e1fa6c,28.4868,-81.323,2950,161,1700322945,358
32e1fa6c,28.4868,-81.323,2950,161,1700322945,358
32e1fa6c,28.4894,-81.3231,3050,164,1700322948,358
32e1fa6c,28.4894,-81.3231,3050,164,1700322948,358
32e1fa6c,28.4894,-81.3231,3050,164,1700322948,358
32e1fa6c,28.4916,-81.3231,3150,167,1700322951,359
32e1fa6c,28.4916,-81.3231,3150,167,1700322951,359
32e1fa6c,28.4916,-81.3231,3150,167,1700322951,359
32e1fa6c,28.4944,-81.3231,3225,170,1700322954,359
32e1fa6c,28.4944,-81.3231,3225,170,1700322954,359
32e1fa6c,28.4944,-81.3231,3225,170,1700322954,359
32e1fa6c,28.4993,-81.3231,3400,176,1700322960,360
32e1fa6c,28.4993,-81.3231,3400,176,1700322960,360
32e1fa6c,28.4993,-81.3231,3400,176,1700322960,360
32e1fa6c,28.4993,-81.3231,3400,176,1700322960,360
32e1fa6c,28.5018,-81.3231,3475,180,1700322963,360
32e1fa6c,28.5018,-81.3231,3475,180,1700322963,360
32e1fa6c,28.5018,-81.3231,3475,180,1700322963,360
32e1fa6c,28.5043,-81.3231,3525,183,1700322966,360
32e1fa6c,28.5043,-81.3231,3525,183,1700322966,360
32e1fa6c,28.5043,-81.3231,3525,183,1700322966,360
32e1fa6c,28.5094,-81.3231,3650,191,1700322972,360
32e1fa6c,28.5094,-81.3231,3650,191,1700322972,360
32e1fa6c,28.5094,-81.3231,3650,191,1700322972,360
32e1fa6c,28.5122,-81.3232,3750,196,1700322975,357
32e1fa6c,28.5122,-81.3232,3750,196,1700322975,357
32e1fa6c,28.5122,-81.3232,3750,196,1700322975,357
32e1fa6c,28.5122,-81.3232,3750,196,1700322975,357
32e1fa6c,28.5151,-81.3234,3825,199,1700322979,355
32e1fa6c,28.5208,-81.3241,4025,206,1700322985,353
32e1fa6c,28.5208,-81.3241,4025,206,1700322985,353
32e1fa6c,28.5208,-81.3241,4025,206,1700322985,353
32e1fa6c,28.5239,-81.3245,4125,209,1700322988,352
32e1fa6c,28.5239,-81.3245,4125,209,1700322988,352
32e1fa6c,28.5239,-81.3245,4125,209,1700322988,352
32e1fa6c,28.5266,-81.3249,4200,213,1700322991,352
32e1fa6c,28.5266,-81.3249,4200,213,1700322991,352
32e1fa6c,28.5266,-81.3249,4200,213,1700322991,352
32e1fa6c,28.5328,-81.3259,4375,221,1700322997,351
32e1fa6c,28.5328,-81.3259,4375,221,1700322997,351
32e1fa6c,28.5328,-81.3259,4375,221,1700322997,351
32e1fa6c,28.5328,-81.3259,4375,221,1700322997,351
32e1fa6c,28.536,-81.3265,4500,224,1700323000,351
32e1fa6c,28.536,-81.3265,4500,224,1700323000,351
32e1fa6c,28.536,-81.3265,4500,224,1700323000,351
32e1fa6c,28.5391,-81.3269,4625,227,1700323003,351
32e1fa6c,28.5391,-81.3269,4625,227,1700323003,351
32e1fa6c,28.5391,-81.3269,4625,227,1700323003,351
32e1fa6c,28.5457,-81.3283,4900,231,1700323009,347
32e1fa6c,28.5457,-81.3283,4900,231,1700323009,347
32e1fa6c,28.5457,-81.3283,4900,231,1700323009,347
32e1fa6c,28.5486,-81.3292,5025,232,1700323012,344
32e1fa6c,28.5486,-81.3292,5025,232,1700323012,344
32e1fa6c,28.5486,-81.3292,5025,232,1700323012,344
32e1fa6c,28.5486,-81.3292,5025,232,1700323012,344
32e1fa6c,28.5516,-81.3304,5150,234,1700323015,339
32e1fa6c,28.5516,-81.3304,5150,234,1700323015,339
32e1fa6c,28.5516,-81.3304,5150,234,1700323015,339
32e1fa6c,28.5578,-81.3333,5450,237,1700323021,336
32e1fa6c,28.5578,-81.3333,5450,237,1700323021,336
32e1fa6c,28.5578,-81.3333,5450,237,1700323021,336
32e1fa6c,28.561,-81.335,5600,238,1700323024,335
32e1fa6c,28.561,-81.335,5600,238,1700323024,335
32e1fa6c,28.561,-81.335,5600,238,1700323024,335
32e1fa6c,28.5641,-81.3366,5750,240,1700323027,335
32e1fa6c,28.5641,-81.3366,5750,240,1700323027,335
32e1fa6c,28.5641,-81.3366,5750,240,1700323027,335
32e1fa6c,28.5641,-81.3366,5750,240,1700323027,335
32e1fa6c,28.5671,-81.3381,5900,242,1700323030,335
32e1fa6c,28.5671,-81.3381,5900,242,1700323030,335
32e1fa6c,28.5671,-81.3381,5900,242,1700323030,335
32e1fa6c,28.5731,-81.3412,6150,246,1700323036,335
32e1fa6c,28.5731,-81.3412,6150,246,1700323036,335
32e1fa6c,28.5731,-81.3412,6150,246,1700323036,335
32e1fa6c,28.5766,-81.343,6275,248,1700323039,335
32e1fa6c,28.5766,-81.343,6275,248,1700323039,335
32e1fa6c,28.5766,-81.343,6275,248,1700323039,335
32e1fa6c,28.5797,-81.3448,6400,250,1700323042,333
32e1fa6c,28.5797,-81.3448,6400,250,1700323042,333
32e1fa6c,28.5797,-81.3448,6400,250,1700323042,333
32e1fa6c,28.5797,-81.3448,6400,250,1700323042,333
32e1fa6c,28.5858,-81.3495,6700,254,1700323049,320
32e1fa6c,28.5858,-81.3495,6700,254,1700323049,320
32e1fa6c,28.5858,-81.3495,6700,254,1700323049,320
32e1fa6c,28.5885,-81.3524,6875,255,1700323052,314
32e1fa6c,28.5885,-81.3524,6875,255,1700323052,314
32e1fa6c,28.5885,-81.3524,6875,255,1700323052,314
32e1fa6c,28.5906,-81.355,7025,256,1700323054,310
32e1fa6c,28.5906,-81.355,7025,256,1700323054,310
32e1fa6c,28.5906,-81.355,7025,256,1700323054,310
32e1fa6c,28.5944,-81.3621,7400,255,1700323061,297
32e1fa6c,28.5944,-81.3621,7400,255,1700323061,297
32e1fa6c,28.5944,-81.3621,7400,255,1700323061,297
32e1fa6c,28.5944,-81.3621,7400,255,1700323061,297
32e1fa6c,28.5957,-81.3658,7575,255,1700323064,297
32e1fa6c,28.5957,-81.3658,7575,255,1700323064,297
32e1fa6c,28.5957,-81.3658,7575,255,1700323064,297
32e1fa6c,28.5964,-81.3684,7675,257,1700323066,288
32e1fa6c,28.5964,-81.3684,7675,257,1700323066,288
32e1fa6c,28.5964,-81.3684,7675,257,1700323066,288
32e1fa6c,28.5979,-81.3775,7950,262,1700323073,274
32e1fa6c,28.5979,-81.3775,7950,262,1700323073,274
32e1fa6c,28.5979,-81.3775,7950,262,1700323073,274
32e1fa6c,28.5981,-81.3823,8075,265,1700323076,271
32e1fa6c,28.5981,-81.3823,8075,265,1700323076,271
32e1fa6c,28.5981,-81.3823,8075,265,1700323076,271
